last_name,first_name,party,bundesland,wahlkreis,wahlkreis_nr,twitter
Abercron,Dr. Michael von,CDU/CSU,Schleswig-Holstein,Pinneberg,7.0,https://twitter.com/mvabercron/
Achelwilm,Doris,Die Linke,,,,
Aggelidis,Grigorios,FDP,Niedersachsen,Hannover-Land I,43.0,https://twitter.com/aggelidis_fdp?lang=de
Akbulut,Gökay,Die Linke,Baden-Württemberg,Mannheim,275.0,https://twitter.com/akbulutgokay?lang=de
Albani,Stephan,CDU/CSU,Niedersachsen,Oldenburg – Ammerland,27.0,
Alt,Renata,FDP,,,,
Altenkamp,Norbert,CDU/CSU,Hessen,Main-Taunus,181.0,
Altmaier,Peter,CDU/CSU,Saarland,Saarlouis,297.0,https://twitter.com/peteraltmaier
Amthor,Philipp,CDU/CSU,Mecklenburg-Vorpommern,Mecklenburgische Seenplatte I – Vorpommern-Greifswald II,16.0,
Amtsberg,Luise,Bündnis 90/Die Grünen,,,,
Andreae,Kerstin,Bündnis 90/Die Grünen  *,Baden-Württemberg,Freiburg,281.0,
Annen,Niels,SPD,Hamburg,Hamburg-Eimsbüttel,20.0,
Arndt-Brauer,Ingrid,SPD,Nordrhein-Westfalen,Steinfurt I – Borken I,124.0,
Aschenberg-Dugnus,Christine,FDP,Schleswig-Holstein,Rendsburg-Eckernförde,4.0,https://twitter.com/cad59?lang=de
Auernhammer,Artur,CDU/CSU,Bayern,Ansbach,241.0,
Aumer,Peter,CDU/CSU,Bayern,Regensburg,233.0,
Bach,Bela,SPD,,,,
Badum,Lisa,Bündnis 90/Die Grünen,Bayern,Bamberg,236.0,https://twitter.com/badulrichmartha
Baehrens,Heike,SPD,,,,
Bär,Dorothee,CDU/CSU,Bayern,Bad Kissingen,248.0,
Baerbock,Annalena,Bündnis 90/Die Grünen,Brandenburg,Potsdam – Potsdam-Mittelmark II – Teltow-Fläming II,61.0,
Bahr,Ulrike,SPD,Bayern,Augsburg-Stadt,252.0,
Baradari,Nezahat,SPD,Nordrhein-Westfalen,Olpe – Märkischer Kreis I,149.0,
Bareiß,Thomas,CDU/CSU,Baden-Württemberg,Zollernalb – Sigmaringen,295.0,
Barley,Dr. Katarina,SPD  *,,,,
Barnett,Doris,SPD,Rheinland-Pfalz,Ludwigshafen/Frankenthal,207.0,
Barrientos,Simone,Die Linke,Bayern,Würzburg,251.0,
Barthle,Norbert,CDU/CSU,Baden-Württemberg,Backnang – Schwäbisch Gmünd,269.0,
Bartke,Dr. Matthias,SPD,Hamburg,Hamburg-Altona,19.0,
Bartol,Sören,SPD,Hessen,Marburg,171.0,
Bartsch,Dr. Dietmar,Die Linke,,,,
Bas,Bärbel,SPD,Nordrhein-Westfalen,Duisburg I,115.0,
Bauer,Nicole,FDP,Bayern,Landshut,228.0,http://www.twitter.com/nicole_ae_bauer
Baumann,Dr. Bernd,AfD,Hamburg,Hamburg-Altona,19.0,https://twitter.com/BerndBaumannAfD
Bause,Margarete,Bündnis 90/Die Grünen,Bayern,München-Ost,218.0,https://www.twitter.com/MargareteBause
Bayaz,Dr. Danyal,Bündnis 90/Die Grünen,Baden-Württemberg,Bruchsal – Schwetzingen,278.0,https://twitter.com/DerDanyal
Bayram,Canan,Bündnis 90/Die Grünen,Berlin,Berlin-Friedrichshain-Kreuzberg – Prenzlauer Berg Ost,83.0,https://twitter.com/LieblingXhain
Beeck,Jens,FDP,Niedersachsen,Mittelems,31.0,https://twitter.com/jensbeeck
Beer,Nicola,FDP  *,Hessen,Frankfurt am Main I,182.0,
Beermann,Maik,CDU/CSU,Niedersachsen,Nienburg II – Schaumburg,40.0,
Behrens (Börde),Manfred,CDU/CSU,Sachsen-Anhalt,Börde – Jerichower Land,67.0,
Bellmann,Veronika,CDU/CSU,,,,
Benning,Sybille,CDU/CSU,Nordrhein-Westfalen,Münster,129.0,
Berghegger,Dr. André,CDU/CSU,Niedersachsen,Osnabrück-Land,38.0,
Bernhard,Marc,AfD,Baden-Württemberg,Karlsruhe-Stadt,271.0,https://twitter.com/MarcBernhardAfD
Bernstein,Melanie,CDU/CSU,,,,
Bernstiel,Christoph,CDU/CSU,Sachsen-Anhalt,Halle,72.0,
Beutin,Lorenz Gösta,Die Linke,Schleswig-Holstein,Plön – Neumünster,6.0,https://twitter.com/lgbeutin
Beyer,Peter,CDU/CSU,Nordrhein-Westfalen,Mettmann II,105.0,
Biadacz,Marc,CDU/CSU,Baden-Württemberg,Böblingen,260.0,https://twitter.com/MBiadaczMdB
Bilger,Steffen,CDU/CSU,Baden-Württemberg,Ludwigsburg,265.0,https://twitter.com/steffenbilger
Binding (Heidelberg),Lothar,SPD,,,,
Birkwald,Matthias W.,Die Linke,Nordrhein-Westfalen,Köln II,94.0,https://twitter.com/MWBirkwald
Bleck,Andreas,AfD,Rheinland-Pfalz,Neuwied,197.0,https://twitter.com/AndreasBleckMdB
Bleser,Peter,CDU/CSU,Rheinland-Pfalz,Mosel/Rhein-Hunsrück,200.0,
Bluhm-Förster,Heidrun,Die Linke,Mecklenburg-Vorpommern,Mecklenburgische Seenplatte II – Landkreis Rostock III,17.0,
Boehringer,Peter,AfD,Bayern,Amberg,232.0,https://twitter.com/PeterBoehringer
Brackmann,Norbert,CDU/CSU,Schleswig-Holstein,Herzogtum Lauenburg – Stormarn-Süd,10.0,
Brand (Fulda),Michael,CDU/CSU,Hessen,Fulda,174.0,
Brandenburg (Rhein-Neckar),Dr. Jens,FDP,Baden-Württemberg,Rhein-Neckar,277.0,https://twitter.com/JBrandenburgFDP
Brandenburg (Südpfalz),Mario,FDP,Rheinland-Pfalz,Südpfalz,211.0,
Brandl,Dr. Reinhard,CDU/CSU,Bayern,Ingolstadt,216.0,
Brandner,Stephan,AfD,Thüringen,Erfurt – Weimar – Weimarer Land II,193.0,http://www.twitter.com/stbrandner
Brandt,Michel,Die Linke,Baden-Württemberg,Karlsruhe-Stadt,271.0,
Brantner,Dr. Franziska,Bündnis 90/Die Grünen,Baden-Württemberg,Heidelberg,274.0,https://twitter.com/fbrantner?lang=de
Brauksiepe,Dr. Ralf,CDU/CSU  *,Nordrhein-Westfalen,Ennepe-Ruhr-Kreis II,139.0,
Braun,Prof. Dr. Helge,CDU/CSU,Hessen,Gießen,173.0,
Braun,Jürgen,AfD,Baden-Württemberg,Waiblingen,264.0,https://twitter.com/JuergenBraunAfD
Brecht,Dr. Eberhard,SPD,Sachsen-Anhalt,Harz,68.0,
Breher,Silvia,CDU/CSU,,,,
Brehm,Sebastian,CDU/CSU,Bayern,Nürnberg-Nord,244.0,https://twitter.com/Brehm_inNBGNord
Brehmer,Heike,CDU/CSU,Sachsen-Anhalt,Harz,68.0,
Breymaier,Leni,SPD,Baden-Württemberg,Aalen – Heidenheim,270.0,https://twitter.com/lenibreymaier
Brinkhaus,Ralph,CDU/CSU,Nordrhein-Westfalen,Gütersloh I,131.0,http://www.twitter.com/rbrinkhaus
Brodesser,Dr. Carsten,CDU/CSU,Nordrhein-Westfalen,Oberbergischer Kreis,99.0,
Brugger,Agnieszka,Bündnis 90/Die Grünen,Baden-Württemberg,Ravensburg,294.0,
Brunner,Dr. Karl-Heinz,SPD,Bayern,Neu-Ulm,255.0,
Bubendorfer-Licht,Sandra,FDP,,,,
Buchholz,Dr. Bernd,FDP  ***,Schleswig-Holstein,Herzogtum Lauenburg – Stormarn-Süd,10.0,
Buchholz,Christine,Die Linke,,,,
Budde,Katrin,SPD,Sachsen-Anhalt,Mansfeld,74.0,
Bühl,Marcus,AfD,Thüringen,,,
Bülow,Marco,fraktionslos,Nordrhein-Westfalen,Dortmund I,142,
Büttner,Matthias,AfD,Sachsen-Anhalt,Altmark,66,
Bull-Bischoff,Dr. Birke,Die Linke,,,,
Burkert,Martin,SPD  *,Bayern,Nürnberg-Süd,245,
Buschmann,Dr. Marco,FDP,Nordrhein-Westfalen,Gelsenkirchen,123,
Busen,Karlheinz,FDP,Nordrhein-Westfalen,Borken II,126,
Bystron,Petr,AfD,Bayern,München-Nord,217,https://twitter.com/PetrBystronAfD
Castellucci,Prof. Dr. Lars,SPD,,,,
Cezanne,Jörg,Die Linke,Hessen,Groß-Gerau,184,
Christmann,Dr. Anna,Bündnis 90/Die Grünen,Baden-Württemberg,Stuttgart II,259,https://twitter.com/annachristmann?lang=de
Chrupalla,Tino,AfD,Sachsen,Görlitz,157,
Connemann,Gitta,CDU/CSU,Niedersachsen,Unterems,25,
Cotar,Joana,AfD,Hessen,,,http://www.twitter.com/JoanaCotar
Cronenberg,Carl-Julius,FDP,Nordrhein-Westfalen,Hochsauerlandkreis,147,
Curio,Dr. Gottfried,AfD,Berlin,,,https://twitter.com/GottfriedCurio
Dahmen,Dr. Janosch,Bündnis 90/Die Grünen,Nordrhein-Westfalen,Ennepe-Ruhr-Kreis II,139,https://twitter.com/janoschdahmen
Daldrup,Bernhard,SPD,Nordrhein-Westfalen,Warendorf,130,
Damerow,Astrid,CDU/CSU,Schleswig-Holstein,Nordfriesland – Dithmarschen Nord,2,
Dassler,Britta Katharina,FDP,Bayern,Erlangen,242,
Dağdelen,Sevim,Die Linke,Nordrhein-Westfalen,Bochum I,140,https://twitter.com/SevimDagdelen
De Masi,Fabio,Die Linke,Hamburg,,,http://twitter.com/Fabiodemasi
De Ridder,Dr. Daniela,SPD,Niedersachsen,Mittelems,31,
Dehm,Dr. Diether,Die Linke,,,,
Deligöz,Ekin,Bündnis 90/Die Grünen,Bayern,Neu-Ulm,255,https://twitter.com/ekindeligoez
Diaby,Dr. Karamba,SPD,Sachsen-Anhalt,Halle,72,
Dilcher,Esther,SPD,Hessen,Waldeck,167,
Dittmar,Sabine,SPD,Bayern,Bad Kissingen,248,
Djir-Sarai,Bijan,FDP,,,,
Dobrindt,Alexander,CDU/CSU,Bayern,Weilheim,226,
Dörner,Katja,Bündnis 90/Die Grünen  *,Nordrhein-Westfalen,Bonn,96,
Dött,Marie-Luise,CDU/CSU,Nordrhein-Westfalen,Oberhausen – Wesel III,117,
Domscheit-Berg,Anke,Die Linke,,,,
Donth,Michael,CDU/CSU,,,,
Dröge,Katharina,Bündnis 90/Die Grünen,Nordrhein-Westfalen,Köln III,95,https://www.twitter.com/katdro
Droese,Siegbert,AfD,Sachsen,Leipzig II,153,
Dürr,Christian,FDP,Niedersachsen,Delmenhorst – Wesermarsch – Oldenburg-Land,28,https://twitter.com/christianduerr
Durz,Hansjörg,CDU/CSU,Bayern,Augsburg-Land,253,
Ebbing,Hartmut,FDP,Berlin,Berlin-Steglitz-Zehlendorf,79,
Ebner,Harald,Bündnis 90/Die Grünen,Baden-Württemberg,Schwäbisch Hall – Hohenlohe,268,
Ehrhorn,Thomas,AfD,Niedersachsen,Celle – Uelzen,44,
Elsner von Gronow,Berengar,AfD,Nordrhein-Westfalen,Soest,146,
Erndl,Thomas,CDU/CSU,Bayern,Deggendorf,227,
Ernst,Klaus,Die Linke,Bayern,Schweinfurt,250,
Esdar,Dr. Wiebke,SPD,Nordrhein-Westfalen,Bielefeld – Gütersloh II,132,
Esken,Saskia,SPD,Baden-Württemberg,Calw,280,
Espendiller,Dr. Michael,AfD,Nordrhein-Westfalen,Steinfurt III,128,https://twitter.com/EspendillerM?lang=de
Faber,Dr. Marcus,FDP,Sachsen-Anhalt,Altmark,66,https://twitter.com/marcusfaber?lang=de
Färber,Hermann,CDU/CSU,Baden-Württemberg,Göppingen,263,
Fahimi,Yasmin,SPD,Niedersachsen,Stadt Hannover II,42,
Fechner,Dr. Johannes,SPD,,,,
Feiler,Uwe,CDU/CSU,Brandenburg,Oberhavel – Havelland II,58,
Felgentreu,Dr. Fritz,SPD,Berlin,Berlin-Neukölln,82,
Felser,Peter,AfD,Bayern,Oberallgäu,256,
Ferlemann,Enak,CDU/CSU,,,,
Ferschl,Susanne,Die Linke,Bayern,Ostallgäu,257,
Fischer (Karlsruhe-Land),Axel E.,CDU/CSU,Baden-Württemberg,Karlsruhe-Land,272,
Flachsbarth,Dr. Maria,CDU/CSU,Niedersachsen,Hannover-Land II,47,
Föst,Daniel,FDP,Bayern,München-Nord,217,https://twitter.com/dfoest?lang=de
Franke,Dr. Edgar,SPD,Hessen,Schwalm-Eder,170,
Freese,Ulrich,SPD,Brandenburg,Cottbus – Spree-Neiße,64,
Frei,Thorsten,CDU/CSU,,,,
Freihold,Brigitte,Die Linke,Rheinland-Pfalz,Pirmasens,210,https://twitter.com/mdb_freihold
Freitag,Dagmar,SPD,,,,
Freudenstein,Dr. Astrid,CDU/CSU  *,Bayern,,,
Fricke,Otto,FDP,Nordrhein-Westfalen,Krefeld I – Neuss II,110,https://twitter.com/Otto_Fricke
Friedhoff,Dietmar,AfD,Niedersachsen,Hannover-Land I,43,https://twitter.com/friedhoff_afd?lang=de
Friedrich (Hof),Dr. Hans-Peter,CDU/CSU,Bayern,Hof,239,
Friesen,Dr. Anton,AfD,Thüringen,,,https://twitter.com/DrFriesenMdB
Frieser,Michael,CDU/CSU,,,,
Frömming,Dr. Götz,AfD,Berlin,,,https://twitter.com/gtzfrmming?lang=de
Frohnmaier,Markus,AfD,Baden-Württemberg,Böblingen,260,
Fuchtel,Hans-Joachim,CDU/CSU,Baden-Württemberg,Calw,280,
Gabelmann,Sylvia,Die Linke,,,,
Gabriel,Sigmar,SPD  *,Niedersachsen,Salzgitter – Wolfenbüttel,49,
Gädechens,Ingo,CDU/CSU,Schleswig-Holstein,Ostholstein – Stormarn-Nord,9,
Gastel,Matthias,Bündnis 90/Die Grünen,Baden-Württemberg,Nürtingen,262,
Gauland,Dr. Alexander,AfD,Brandenburg,Frankfurt (Oder) – Oder-Spree,63,
Gebhart,Dr. Thomas,CDU/CSU,Rheinland-Pfalz,Südpfalz,211,
Gehring,Kai,Bündnis 90/Die Grünen,Nordrhein-Westfalen,Essen III,120,http://www.twitter.com/KaiGehring
Gehrke,Prof. Dr. Axel,AfD,Schleswig-Holstein,Ostholstein – Stormarn-Nord,9,https://twitter.com/search?q=axel%20gehrke&src=typd&lang=de
Gelbhaar,Stefan,Bündnis 90/Die Grünen,,,,
Gerdes,Michael,SPD,Nordrhein-Westfalen,Bottrop – Recklinghausen III,125,
Gerig,Alois,CDU/CSU,Baden-Württemberg,Odenwald – Tauber,276,
Gerster,Martin,SPD,Baden-Württemberg,Biberach,292,
Gienger,Eberhard,CDU/CSU,Baden-Württemberg,Neckar-Zaber,266,
Glaser,Albrecht,AfD,,,,
Glöckner,Angelika,SPD,Rheinland-Pfalz,Pirmasens,210,https://twitter.com/A_Gloeckner
Gminder,Franziska,AfD,Baden-Württemberg,,,
Gnodtke,Eckhard,CDU/CSU,,,,
Göring-Eckardt,Katrin,Bündnis 90/Die Grünen,Thüringen,Erfurt – Weimar – Weimarer Land II,193,
Gohlke,Nicole,Die Linke,Bayern,München-Süd,219,http://www.twitter.com/nicolegohlke
Gottberg,Wilhelm von,AfD,Niedersachsen,,,
Gottschalk,Kay,AfD,,,,
Gremmels,Timon,SPD,,,,
Griese,Kerstin,SPD,Nordrhein-Westfalen,Mettmann II,105,
Groden-Kranich,Ursula,CDU/CSU,Rheinland-Pfalz,Mainz,205,
Gröhe,Hermann,CDU/CSU,Nordrhein-Westfalen,Neuss I,108,http://www.twitter.com/groehe
Gröhler,Klaus-Dieter,CDU/CSU,Berlin,Berlin-Charlottenburg-Wilmersdorf,80,
Grötsch,Uli,SPD,Bayern,Weiden,235,
Groß,Michael,SPD,Nordrhein-Westfalen,Recklinghausen II,122,https://twitter.com/michaelgrossmdb/
Grosse-Brömer,Michael,CDU/CSU,,,,
Grotelüschen,Astrid,CDU/CSU,Niedersachsen,Delmenhorst – Wesermarsch – Oldenburg-Land,28,
Grübel,Markus,CDU/CSU,Baden-Württemberg,Esslingen,261,
Grütters,Prof. Monika,CDU/CSU,Berlin,Berlin-Marzahn-Hellersdorf,85,
Grund,Manfred,CDU/CSU,Thüringen,Eichsfeld – Nordhausen – Kyffhäuserkreis,189,
Grundl,Erhard,Bündnis 90/Die Grünen,Bayern,Straubing,231,https://twitter.com/Erhard_Grundl?lang=de
Grundmann,Oliver,CDU/CSU,Niedersachsen,Stade I – Rotenburg II,30,
Güntzler,Fritz,CDU/CSU,Niedersachsen,Göttingen,53,
Gutting,Olav,CDU/CSU,,,,
Gysi,Dr. Gregor,Die Linke,Berlin,Berlin-Treptow-Köpenick,84,
Haase,Christian,CDU/CSU,Nordrhein-Westfalen,Höxter – Lippe II,136,
Hacker,Thomas,FDP,Bayern,Bayreuth,237,
Hänsel,Heike,Die Linke,Baden-Württemberg,Tübingen,290,
Hagedorn,Bettina,SPD,Schleswig-Holstein,Ostholstein – Stormarn-Nord,9,
Hagl-Kehl,Rita,SPD,Bayern,Deggendorf,227,https://twitter.com/RitaHaglKehl
Hahn,Dr. André,Die Linke,Sachsen,Sächsische Schweiz-Osterzgebirge,158,
Hahn,Florian,CDU/CSU,Bayern,München-Land,221,
Hajduk,Anja,Bündnis 90/Die Grünen,Hamburg,Hamburg-Nord,21,
Hakverdi,Metin,SPD,Hamburg,Hamburg-Bergedorf – Harburg,23,
Hampel,Armin-Paulus,AfD,Niedersachsen,Hameln-Pyrmont – Holzminden,46,
Hanke,Reginald,FDP,Thüringen,Saalfeld-Rudolstadt – Saale-Holzland-Kreis – Saale-Orla-Kreis,195,
Harbarth,Dr. Stephan,CDU/CSU  *,,,,
Harder-Kühnel,Mariana Iris,AfD,Hessen,Main-Kinzig – Wetterau II – Schotten,175,
Hardt,Jürgen,CDU/CSU,Nordrhein-Westfalen,Solingen – Remscheid – Wuppertal II,103,https://twitter.com/juergenhardt
Hartmann,Sebastian,SPD,Nordrhein-Westfalen,Rhein-Sieg-Kreis I,97,
Hartmann,Verena,fraktionslos,Sachsen,,,
Hartwig,Dr. Roland,AfD,Nordrhein-Westfalen,Rheinisch-Bergischer Kreis,100,https://twitter.com/r_hartwig_afd?lang=de
Haßelmann,Britta,Bündnis 90/Die Grünen,Nordrhein-Westfalen,Bielefeld – Gütersloh II,132,
Hauer,Matthias,CDU/CSU,Nordrhein-Westfalen,Essen III,120,
Haug,Jochen,AfD,Nordrhein-Westfalen,Köln II,94,
Hauptmann,Mark,CDU/CSU,Thüringen,Suhl – Schmalkalden-Meiningen – Hildburghausen – Sonneberg,196,
Hebner,Martin,AfD,,,,
Heidenblut,Dirk,SPD,Nordrhein-Westfalen,Essen II,119,
Heider,Dr. Matthias,CDU/CSU,,,,
Heidt,Peter,FDP,Hessen,Wetterau I,177,https://twitter.com/PeterHeidtFDP
Heil (Peine),Hubertus,SPD,Niedersachsen,Gifhorn – Peine,45,
Heil,Mechthild,CDU/CSU,Rheinland-Pfalz,Ahrweiler,198,
Heilmann,Thomas,CDU/CSU,,,,
Heinrich (Chemnitz),Frank,CDU/CSU,Sachsen,Chemnitz,162,
Heinrich,Gabriela,SPD,Bayern,Nürnberg-Nord,244,
Held,Marcus,SPD,Rheinland-Pfalz,Worms,206,
Helfrich,Mark,CDU/CSU,Schleswig-Holstein,Steinburg – Dithmarschen Süd,3,
Helling-Plahr,Katrin,FDP,Nordrhein-Westfalen,Hagen – Ennepe-Ruhr-Kreis I,138,https://twitter.com/KatrinHelling
Hellmich,Wolfgang,SPD,Nordrhein-Westfalen,Soest,146,
Hemmelgarn,Udo Theodor,AfD,Nordrhein-Westfalen,Gütersloh I,131,https://twitter.com/UdoHemmelgarn
Hendricks,Dr. Barbara,SPD,Nordrhein-Westfalen,Kleve,112,
Henke,Rudolf,CDU/CSU,Nordrhein-Westfalen,Aachen I,87,
Hennrich,Michael,CDU/CSU,Baden-Württemberg,Nürtingen,262,
Henrichmann,Marc,CDU/CSU,Nordrhein-Westfalen,Coesfeld – Steinfurt II,127,
Herbrand,Markus,FDP,,,,
Herbst,Torsten,FDP,Sachsen,Bautzen I,156,https://twitter.com/torstenherbst
Herdt,Waldemar,AfD,Niedersachsen,Osnabrück-Land,38,
Herrmann,Lars,fraktionslos,,,,
Herzog,Gustav,SPD,Rheinland-Pfalz,Kaiserslautern,209,
Hess,Martin,AfD,Baden-Württemberg,Ludwigsburg,265,https://twitter.com/martin_hess_afd
Hessel,Katja,FDP,,,,
Heßenkemper,Prof. Dr. Heiko,AfD,Sachsen,Mittelsachsen,161,
Heveling,Ansgar,CDU/CSU,Nordrhein-Westfalen,Krefeld I – Neuss II,110,
Hiller-Ohm,Gabriele,SPD,Schleswig-Holstein,Lübeck,11,http://twitter.com/gabihillerohm
Hilse,Karsten,AfD,,,,
Hirte,Christian,CDU/CSU,Thüringen,Eisenach – Wartburgkreis – Unstrut-Hainich-Kreis,190,http://www.twitter.com/christianhirte
Hirte,Prof. Dr. Heribert,CDU/CSU,Nordrhein-Westfalen,Köln II,94,http://www.twitter.com/HHirte
Hitschler,Thomas,SPD,Rheinland-Pfalz,Südpfalz,211,
Hocker,Dr. Gero Clemens,FDP,,,,
Höchst,Nicole,AfD,Rheinland-Pfalz,Kreuznach,201,
Höferlin,Manuel,FDP,Rheinland-Pfalz,Worms,206,https://twitter.com/ManuelHoeferlin
Högl,Dr. Eva,SPD  *,Berlin,Berlin-Mitte,75,
Höhn,Matthias,Die Linke,Sachsen-Anhalt,Altmark,66,
Hoffmann,Alexander,CDU/CSU,Bayern,Main-Spessart,249,
Hoffmann,Dr. Bettina,Bündnis 90/Die Grünen,Hessen,Schwalm-Eder,170,
Hoffmann,Dr. Christoph,FDP,Baden-Württemberg,Lörrach – Müllheim,282,https://twitter.com/HoffmannForest
Hofreiter,Dr. Anton,Bündnis 90/Die Grünen,Bayern,München-Land,221,
Hohmann,Martin,AfD,Hessen,Fulda,174,
Hollnagel,Dr. Bruno,AfD,Schleswig-Holstein,Herzogtum Lauenburg – Stormarn-Süd,10,
Holm,Leif-Erik,AfD,Mecklenburg-Vorpommern,Vorpommern-Rügen – Vorpommern-Greifswald I,15,https://twitter.com/Leif_Erik_Holm
Holmeier,Karl,CDU/CSU,,,,
Holtz,Ottmar von,Bündnis 90/Die Grünen,Niedersachsen,Hildesheim,48,https://twitter.com/OWvonHoltz
Hoppenstedt,Dr. Hendrik,CDU/CSU,Niedersachsen,Hannover-Land I,43,
Houben,Reinhard,FDP,Nordrhein-Westfalen,Köln I,93,
Huber,Johannes,AfD,Bayern,Freising,214,https://twitter.com/Huber_AfD?lang=de
Hunko,Andrej,Die Linke,Nordrhein-Westfalen,Aachen I,87,https://twitter.com/andrejhunko
Ihnen,Ulla,FDP,Niedersachsen,Stadt Hannover II,42,
in der Beek,Olaf,FDP,Nordrhein-Westfalen,Bochum I,140,
Irlstorfer,Erich,CDU/CSU,,,,
Irmer,Hans-Jürgen,CDU/CSU,,,,
Jacobi,Fabian,AfD,Nordrhein-Westfalen,Köln I,93,
Janecek,Dieter,Bündnis 90/Die Grünen,Bayern,München-West/Mitte,220,
Jarzombek,Thomas,CDU/CSU,Nordrhein-Westfalen,Düsseldorf I,106,
Jelpke,Ulla,Die Linke,Nordrhein-Westfalen,Dortmund I,142,
Jensen,Gyde,FDP,Schleswig-Holstein,,,https://twitter.com/gydej?lang=de
Jongen,Dr. Marc,AfD,Baden-Württemberg,Neckar-Zaber,266,https://twitter.com/marc_jongen
Jung,Andreas,CDU/CSU,,,,
Jung,Dr. Christian,FDP,Baden-Württemberg,Karlsruhe-Land,272,
Jung,Ingmar,CDU/CSU,Hessen,Wiesbaden,179,
Junge,Frank,SPD,Mecklenburg-Vorpommern,Ludwigslust-Parchim II – Nordwestmecklenburg II – Landkreis Rostock I,13,https://twitter.com/fjunge
Juratovic,Josip,SPD,Baden-Württemberg,Heilbronn,267,http://twitter.com/josip_juratovic
Jurk,Thomas,SPD,,,,
Kaczmarek,Oliver,SPD,Nordrhein-Westfalen,Unna I,144,
Kahrs,Johannes,SPD  *,,,,
Kaiser,Elisabeth,SPD,Thüringen,Gera – Greiz – Altenburger Land,194,https://twitter.com/kaiser_spd
Kamann,Uwe,fraktionslos,Nordrhein-Westfalen,Oberhausen – Wesel III,117,https://twitter.com/uwe_kamann?lang=de
Kappert-Gonther,Dr. Kirsten,Bündnis 90/Die Grünen,Bremen,Bremen I,54,
Kapschack,Ralf,SPD,Nordrhein-Westfalen,Ennepe-Ruhr-Kreis II,139,
Karl,Alois,CDU/CSU,Bayern,Amberg,232,
Karliczek,Anja,CDU/CSU,,,,
Kartes,Torbjörn,CDU/CSU,Rheinland-Pfalz,Ludwigshafen/Frankenthal,207,https://twitter.com/KartesMdB
Kassner,Kerstin,Die Linke,Mecklenburg-Vorpommern,Vorpommern-Rügen – Vorpommern-Greifswald I,15,
Katzmarek,Gabriele,SPD,,,,
Kauder,Volker,CDU/CSU,,,,
Kaufmann,Dr. Stefan,CDU/CSU,,,,
Kekeritz,Uwe,Bündnis 90/Die Grünen,Bayern,Fürth,243,
Kelber,Ulrich,SPD  *,Nordrhein-Westfalen,Bonn,96,
Kemmer,Ronja,CDU/CSU,Baden-Württemberg,Ulm,291,http://twitter.com/ronjakemmer
Kemmerich,Thomas L.,FDP  *,,,,
Kessler,Dr. Achim,Die Linke,Hessen,Frankfurt am Main I,182,https://twitter.com/AchimKessler
Kestner,Jens,AfD,,,,
Keul,Katja,Bündnis 90/Die Grünen,Niedersachsen,Nienburg II – Schaumburg,40,
Keuter,Stefan,AfD,Nordrhein-Westfalen,Essen III,120,
Kiesewetter,Roderich,CDU/CSU,,,,
Kießling,Michael,CDU/CSU,Bayern,Starnberg – Landsberg am Lech,224,
Kindler,Sven-Christian,Bündnis 90/Die Grünen,Niedersachsen,Stadt Hannover II,42,http://twitter.com/sven_kindler
Kippels,Dr. Georg,CDU/CSU,Nordrhein-Westfalen,Rhein-Erft-Kreis I,91,
Kipping,Katja,Die Linke,Sachsen,Dresden I,159,
Kiziltepe,Cansel,SPD,Berlin,Berlin-Friedrichshain-Kreuzberg – Prenzlauer Berg Ost,83,https://twitter.com/CanselK
Klare,Arno,SPD,Nordrhein-Westfalen,Mülheim – Essen I,118,
Klein,Karsten,FDP,Bayern,Aschaffenburg,247,
Klein,Volkmar,CDU/CSU,,,,
Klein-Schmeink,Maria,Bündnis 90/Die Grünen,Nordrhein-Westfalen,Münster,129,https://twitter.com/MariaKlSchmeink
Kleinwächter,Norbert,AfD,,,,
Klingbeil,Lars,SPD,Niedersachsen,Rotenburg I – Heidekreis,35,
Klinge,Dr. Marcel,FDP,,,,
Kluckert,Daniela,FDP,,,,
Knoerig,Axel,CDU/CSU,Niedersachsen,Diepholz – Nienburg I,33,
Kober,Pascal,FDP,Baden-Württemberg,Reutlingen,289,https://twitter.com/pascalkober
Köhler,Dr. Lukas,FDP,Bayern,München-West/Mitte,220,
König,Jörn,AfD,Niedersachsen,Stadt Hannover I,41,
Koeppen,Jens,CDU/CSU,Brandenburg,Uckermark – Barnim I,57,https://twitter.com/JensKoeppen
Körber,Carsten,CDU/CSU,Sachsen,Zwickau,165,
Kofler,Dr. Bärbel,SPD,,,,
Kolbe,Daniela,SPD,Sachsen,Leipzig I,152,
Komning,Enrico,AfD,Mecklenburg-Vorpommern,Mecklenburgische Seenplatte I – Vorpommern-Greifswald II,16,https://twitter.com/enricokomning?lang=de
Konrad,Carina,FDP,Rheinland-Pfalz,Mosel/Rhein-Hunsrück,200,https://twitter.com/carina_konrad
Koob,Markus,CDU/CSU,Hessen,Hochtaunus,176,
Korkmaz-Emre,Elvan,SPD,Nordrhein-Westfalen,Gütersloh I,131,https://twitter.com/korkmazgt
Korte,Jan,Die Linke,Sachsen-Anhalt,Anhalt,71,
Kotré,Steffen,AfD,Brandenburg,,,https://twitter.com/SteffenKotre?lang=de
Kotting-Uhl,Sylvia,Bündnis 90/Die Grünen,Baden-Württemberg,Karlsruhe-Stadt,271,
Kraft,Dr. Rainer,AfD,Bayern,Augsburg-Land,253,https://twitter.com/Dr_Rainer_Kraft
Kramme,Anette,SPD,Bayern,Bayreuth,237,
Krauß,Alexander,CDU/CSU,Sachsen,Erzgebirgskreis I,164,
Krellmann,Jutta,Die Linke,Niedersachsen,Hameln-Pyrmont – Holzminden,46,
Krichbaum,Gunther,CDU/CSU,Baden-Württemberg,Pforzheim,279,
Krings,Dr. Günter,CDU/CSU,Nordrhein-Westfalen,Mönchengladbach,109,
Krischer,Oliver,Bündnis 90/Die Grünen,Nordrhein-Westfalen,Düren,90,
Kruse,Rüdiger,CDU/CSU,Hamburg,Hamburg-Eimsbüttel,20,
Kubicki,Wolfgang,FDP,Schleswig-Holstein,Steinburg – Dithmarschen Süd,3,
Kühn (Tübingen),Christian,Bündnis 90/Die Grünen,Baden-Württemberg,Tübingen,290,
Kühn (Dresden),Stephan,Bündnis 90/Die Grünen  *,,,,
Kühne,Dr. Roy,CDU/CSU,Niedersachsen,Goslar – Northeim – Osterode,52,
Künast,Renate,Bündnis 90/Die Grünen,,,,
Kuffer,Michael,CDU/CSU,Bayern,München-Süd,219,
Kuhle,Konstantin,FDP,Niedersachsen,Göttingen,53,https://twitter.com/konstantinkuhle?lang=de
Kulitz,Alexander,FDP,,,,
Kurth,Markus,Bündnis 90/Die Grünen,,,,
Lämmel,Andreas G.,CDU/CSU,Sachsen,Dresden I,159,
Lambrecht,Christine,SPD,Hessen,Bergstraße,188,
Lambsdorff,Alexander Graf,FDP,,,,
Lamers,Prof. h. c. Dr. Karl A.,CDU/CSU,Baden-Württemberg,Heidelberg,274,
Landgraf,Katharina,CDU/CSU,,,,
Lange (Backnang),Christian,SPD,Baden-Württemberg,Backnang – Schwäbisch Gmünd,269,https://twitter.com/LangeMdB
Lange,Ulrich,CDU/CSU,,,,
Launert,Dr. Silke,CDU/CSU,,,,
Lauterbach,Prof. Dr. Karl,SPD,Nordrhein-Westfalen,Leverkusen – Köln IV,101,
Lay,Caren,Die Linke,Sachsen,Bautzen I,156,
Lazar,Monika,Bündnis 90/Die Grünen,Sachsen,Leipzig II,153,https://twitter.com/monikalazar?lang=de
Lechte,Ulrich,FDP,Bayern,Regensburg,233,
Lehmann,Jens,CDU/CSU,Sachsen,Leipzig I,152,
Lehmann,Sven,Bündnis 90/Die Grünen,,,,
Lehmann,Sylvia,SPD,Brandenburg,Dahme-Spreewald – Teltow-Fläming III – Oberspreewald-Lausitz I,62,
Lehrieder,Paul,CDU/CSU,Bayern,Würzburg,251,
Leidig,Sabine,Die Linke,Hessen,Werra-Meißner – Hersfeld-Rotenburg,169,
Leikert,Dr. Katja,CDU/CSU,Hessen,Hanau,180,
Lemke,Steffi,Bündnis 90/Die Grünen,,,,
Lenkert,Ralph,Die Linke,Thüringen,Jena – Sömmerda – Weimarer Land I,191,
Lenz,Dr. Andreas,CDU/CSU,Bayern,Erding – Ebersberg,213,
Leutert,Michael,Die Linke,Sachsen,Chemnitz,162,
Leyen,Dr. Ursula von der,CDU/CSU  *,Niedersachsen,Stadt Hannover II,42,
Lezius,Antje,CDU/CSU,Rheinland-Pfalz,Kreuznach,201,
Liebich,Stefan,Die Linke,Berlin,Berlin-Pankow,76,https://twitter.com/berlinliebich?lang=de
Lindh,Helge,SPD,Nordrhein-Westfalen,Wuppertal I,102,https://twitter.com/helgelindh
Lindholz,Andrea,CDU/CSU,Bayern,Aschaffenburg,247,
Lindner,Christian,FDP,Nordrhein-Westfalen,Rheinisch-Bergischer Kreis,100,
Lindner,Dr. Tobias,Bündnis 90/Die Grünen,,,,
Link,Michael Georg,FDP,Baden-Württemberg,Heilbronn,267,https://twitter.com/michael_g_link
Linnemann,Dr. Carsten,CDU/CSU,Nordrhein-Westfalen,Paderborn – Gütersloh III,137,
Lips,Patricia,CDU/CSU,Hessen,Odenwald,187,
Lischka,Burkhard,SPD  *,,,,
Löbel,Nikolas,CDU/CSU,Baden-Württemberg,Mannheim,275,
Lötzsch,Dr. Gesine,Die Linke,Berlin,Berlin-Lichtenberg,86,https://twitter.com/LoetzschMdB
Loos,Bernhard,CDU/CSU,,,,
Lotze,Hiltrud,SPD,Niedersachsen,Lüchow-Dannenberg – Lüneburg,37,
Lucassen,Rüdiger,AfD,Nordrhein-Westfalen,Euskirchen – Rhein-Erft-Kreis II,92,https://twitter.com/buerger2016
Luczak,Dr. Jan-Marco,CDU/CSU,Berlin,Berlin-Tempelhof-Schöneberg,81,http://twitter.com/JM_Luczak
Ludwig,Daniela,CDU/CSU,Bayern,Rosenheim,222,
Ludwig,Dr. Saskia,CDU/CSU,Brandenburg,Potsdam – Potsdam-Mittelmark II – Teltow-Fläming II,61,https://twitter.com/saskialudwig17
Lühmann,Kirsten,SPD,Niedersachsen,Celle – Uelzen,44,
Luksic,Oliver,FDP,,,,
Lutze,Thomas,Die Linke,Saarland,,,
Maag,Karin,CDU/CSU,Baden-Württemberg,Stuttgart II,259,
Maas,Heiko,SPD,Saarland,Saarlouis,297,https://twitter.com/heikomaas
Mackensen,Isabel,SPD,Rheinland-Pfalz,Neustadt – Speyer,208,https://twitter.com/IsabelMackensen
Magnitz,Frank,AfD,Bremen,Bremen II – Bremerhaven,55,
Magwas,Yvonne,CDU/CSU,Sachsen,Vogtlandkreis,166,
Maier,Jens,AfD,,,,
Maier,Prof. Dr. Lothar,AfD,Baden-Württemberg,Stuttgart II,259,
Maizière,Dr. Thomas de,CDU/CSU,Sachsen,Meißen,155,
Malsack-Winkemann,Dr. Birgit,AfD,Berlin,,,
Manderla,Gisela,CDU/CSU,Nordrhein-Westfalen,Köln III,95,
Mannes,Dr. Astrid,CDU/CSU,Hessen,Darmstadt,186,
Mansmann,Till,FDP,Hessen,Bergstraße,188,
Marks,Caren,SPD,Niedersachsen,Hannover-Land I,43,
Marschall,Matern von,CDU/CSU,Baden-Württemberg,Freiburg,281,
Martens,Dr. Jürgen,FDP,,,,
Martin,Dorothee,SPD,Hamburg,Hamburg-Nord,21,https://twitter.com/doro_martin
Marwitz,Hans-Georg von der,CDU/CSU,Brandenburg,Märkisch-Oderland – Barnim II,59,
Mast,Katja,SPD,,,,
Matschie,Christoph,SPD,Thüringen,Jena – Sömmerda – Weimarer Land I,191,https://twitter.com/matschie
Mattfeldt,Andreas,CDU/CSU,,,,
Mattheis,Hilde,SPD,Baden-Württemberg,Ulm,291,
Mayer (Altötting),Stephan,CDU/CSU,Bayern,Altötting,212,
Meiser,Pascal,Die Linke,Berlin,Berlin-Friedrichshain-Kreuzberg – Prenzlauer Berg Ost,83,https://twitter.com/pascalmeiser?lang=de
Meister,Dr. Michael,CDU/CSU,Hessen,Bergstraße,188,https://twitter.com/meister_schafft?lang=de
Merkel,Dr. Angela Dorothea,CDU/CSU,Mecklenburg-Vorpommern,Vorpommern-Rügen – Vorpommern-Greifswald I,15,
Metzler,Jan,CDU/CSU,,,,
Meyer,Christoph,FDP,,,,
Miazga,Corinna,AfD,Bayern,,,
Michelbach,Dr. h. c. (Univ Kyiv) Hans,CDU/CSU,,,,
Middelberg,Dr. Mathias,CDU/CSU,,,,
Miersch,Dr. Matthias,SPD,,,,
Mieruch,Mario,fraktionslos,Nordrhein-Westfalen,Steinfurt I – Borken I,124,
Mihalic,Dr. Irene,Bündnis 90/Die Grünen,Nordrhein-Westfalen,Gelsenkirchen,123,http://www.twitter.com/IreneMihalic
Mindrup,Klaus,SPD,Berlin,Berlin-Pankow,76,
Mittag,Susanne,SPD,Niedersachsen,Delmenhorst – Wesermarsch – Oldenburg-Land,28,
Möhring,Cornelia,Die Linke,Schleswig-Holstein,Pinneberg,7,https://twitter.com/conni_moehring
Möller,Siemtje,SPD,,,,
Möring,Karsten,CDU/CSU,Nordrhein-Westfalen,Köln I,93,http://www.twitter.com/KarstenMoering
Mohamed Ali,Amira,Die Linke,Niedersachsen,Oldenburg – Ammerland,27,
Mohrs,Falko,SPD,,,,
Moll,Claudia,SPD,Nordrhein-Westfalen,Aachen II,88,
Monstadt,Dietrich,CDU/CSU,Mecklenburg-Vorpommern,Schwerin – Ludwigslust-Parchim I – Nordwestmecklenburg I,12,
Mortler,Marlene,CDU/CSU  *,Bayern,Roth,246,
Motschmann,Elisabeth,CDU/CSU,Bremen,Bremen I,54,
Movassat,Niema,Die Linke,Nordrhein-Westfalen,Oberhausen – Wesel III,117,
Mrosek,Andreas,AfD,Sachsen-Anhalt,Dessau – Wittenberg,70,
Müller,Alexander,FDP,Hessen,Rheingau-Taunus – Limburg,178,https://twitter.com/alexmuellerfdp
Müller,Axel,CDU/CSU,Baden-Württemberg,Ravensburg,294,
Müller,Bettina,SPD,,,,
Müller (Braunschweig),Carsten,CDU/CSU,,,,
Müller,Claudia,Bündnis 90/Die Grünen,,,,
Müller (Chemnitz),Detlef,SPD,Sachsen,Chemnitz,162,
Müller,Dr. Gerd,CDU/CSU,Bayern,Oberallgäu,256,
Müller,Hansjörg,AfD,Bayern,Traunstein,225,
Müller (Potsdam),Norbert,Die Linke,Brandenburg,Potsdam – Potsdam-Mittelmark II – Teltow-Fläming II,61,
Müller,Sepp,CDU/CSU,Sachsen-Anhalt,Dessau – Wittenberg,70,https://twitter.com/mueller_sepp?lang=de
Müller (Erlangen),Stefan,CDU/CSU,Bayern,Erlangen,242,
Müller-Böhm,Roman,FDP,Nordrhein-Westfalen,Oberhausen – Wesel III,117,
Müller-Gemmeke,Beate,Bündnis 90/Die Grünen,Baden-Württemberg,Reutlingen,289,http://twitter.com/gruenebeate
Müller-Rosentritt,Frank,FDP,Sachsen,Chemnitz,162,https://twitter.com/theliberalfrank
Müntefering,Michelle,SPD,Nordrhein-Westfalen,Herne – Bochum II,141,
Münz,Volker,AfD,Baden-Württemberg,Göppingen,263,
Münzenmaier,Sebastian,AfD,Rheinland-Pfalz,Mainz,205,
Mützenich,Dr. Rolf,SPD,Nordrhein-Westfalen,Köln III,95,
Nahles,Andrea,SPD  *,Rheinland-Pfalz,Ahrweiler,198,
Nastic,Zaklin,Die Linke,Hamburg,Hamburg-Eimsbüttel,20,http://www.twitter.com/zaklinnastic
Natterer,Christian,CDU/CSU,,,,
Nestle,Dr. Ingrid,Bündnis 90/Die Grünen,Schleswig-Holstein,Steinburg – Dithmarschen Süd,3,
Neu,Dr. Alexander S.,Die Linke,Nordrhein-Westfalen,Rhein-Sieg-Kreis I,97,https://twitter.com/AlexanderSNeu
Neumann,Christoph,AfD,Sachsen,Leipzig I,152,
Neumann,Prof. Dr. Martin,FDP,,,,
Nick,Dr. Andreas,CDU/CSU,Rheinland-Pfalz,Montabaur,204,http://twitter.com/drandreasnick?lang=de
Nicolaisen,Petra,CDU/CSU,Schleswig-Holstein,Flensburg – Schleswig,1,
Nietan,Dietmar,SPD,Nordrhein-Westfalen,Düren,90,
Nissen,Ulli,SPD,Hessen,Frankfurt am Main II,183,
Nölke,Matthias,FDP,Hessen,Kassel,168,https://twitter.com/matthiasnoelke
Noll,Michaela,CDU/CSU,Nordrhein-Westfalen,Mettmann I,104,
Nolte,Jan Ralf,AfD,Hessen,Waldeck,167,
Nord,Thomas,Die Linke,Brandenburg,Frankfurt (Oder) – Oder-Spree,63,
Notz,Dr. Konstantin von,Bündnis 90/Die Grünen,Schleswig-Holstein,Herzogtum Lauenburg – Stormarn-Süd,10,http://twitter.com/KonstantinNotz
Nouripour,Omid,Bündnis 90/Die Grünen,Hessen,Frankfurt am Main II,183,http://twitter.com/nouripour
Nüßlein,Dr. Georg,CDU/CSU,Bayern,Neu-Ulm,255,
Oehme,Ulrich,AfD,Sachsen,Chemnitzer Umland – Erzgebirgskreis II,163,
Oellers,Wilfried,CDU/CSU,Nordrhein-Westfalen,Heinsberg,89,
Özdemir,Cem,Bündnis 90/Die Grünen,Baden-Württemberg,Stuttgart I,258,
Özdemir (Duisburg),Mahmut,SPD,Nordrhein-Westfalen,Duisburg II,116,https://twitter.com/oezdemir_spd
Özoğuz,Aydan,SPD,Hamburg,Hamburg-Wandsbek,22,
Oppermann,Thomas,SPD  **,Niedersachsen,Göttingen,53,
Ortleb,Josephine,SPD,Saarland,Saarbrücken,296,
Oßner,Florian,CDU/CSU,Bayern,Landshut,228,
Ostendorff,Friedrich,Bündnis 90/Die Grünen,Nordrhein-Westfalen,Coesfeld – Steinfurt II,127,
Oster,Josef,CDU/CSU,Rheinland-Pfalz,Koblenz,199,https://twitter.com/josefoster?lang=de
Otte,Henning,CDU/CSU,Niedersachsen,Celle – Uelzen,44,
Otten,Gerold,AfD,Bayern,München-Land,221,
Pahlmann,Ingrid,CDU/CSU,Niedersachsen,Gifhorn – Peine,45,
Pantel,Sylvia,CDU/CSU,Nordrhein-Westfalen,Düsseldorf II,107,
Paschke,Markus,SPD,Niedersachsen,Unterems,25,https://twitter.com/markuspaschke
Pasemann,Frank,AfD,Sachsen-Anhalt,Magdeburg,69,https://twitter.com/frank_pasemann?lang=de
Patzelt,Martin,CDU/CSU,Brandenburg,Frankfurt (Oder) – Oder-Spree,63,
Pau,Petra,Die Linke,Berlin,Berlin-Marzahn-Hellersdorf,85,https://twitter.com/PetraPauMaHe
Paus,Lisa,Bündnis 90/Die Grünen,Berlin,Berlin-Charlottenburg-Wilmersdorf,80,https://twitter.com/@lisapaus
Pellmann,Sören,Die Linke,Sachsen,Leipzig II,153,https://twitter.com/linkepelli?lang=de
Perli,Victor,Die Linke,Niedersachsen,Salzgitter – Wolfenbüttel,49,https://twitter.com/victorperli
Peterka,Tobias Matthias,AfD,Bayern,Bayreuth,237,https://twitter.com/TobiasMPeterka?lang=de
Petry,Christian,SPD,,,,
Petry,Dr. Frauke,fraktionslos,Sachsen,Sächsische Schweiz-Osterzgebirge,158,
Pfeiffer,Dr. Joachim,CDU/CSU,Baden-Württemberg,Waiblingen,264,
Pflüger,Tobias,Die Linke,,,,
Pilger,Detlev,SPD,,,,
Pilsinger,Stephan,CDU/CSU,Bayern,München-West/Mitte,220,
Ploß,Dr. Christoph,CDU/CSU,Hamburg,Hamburg-Nord,21,
Podolay,Paul Viktor,AfD,Bayern,Erlangen,242,
Pohl,Jürgen,AfD,,,,
Polat,Filiz,Bündnis 90/Die Grünen,Niedersachsen,Osnabrück-Land,38,https://twitter.com/filizgreen
Pols,Eckhard,CDU/CSU,Niedersachsen,Lüchow-Dannenberg – Lüneburg,37,
Poschmann,Sabine,SPD,Nordrhein-Westfalen,Dortmund II,143,
Post (Minden),Achim,SPD,Nordrhein-Westfalen,Minden-Lübbecke I,134,
Post,Florian,SPD,Bayern,München-Nord,217,
Pronold,Florian,SPD,Bayern,Rottal-Inn,230,
Protschka,Stephan,AfD,Bayern,Rottal-Inn,230,https://twitter.com/AfDProtschka
Raabe,Dr. Sascha,SPD,,,,
Rabanus,Martin,SPD,,,,
Rachel,Thomas,CDU/CSU,Nordrhein-Westfalen,Düren,90,
Radomski,Kerstin,CDU/CSU,Nordrhein-Westfalen,Krefeld II – Wesel II,114,
Radwan,Alexander,CDU/CSU,Bayern,Bad Tölz-Wolfratshausen – Miesbach,223,
Rainer,Alois,CDU/CSU,Bayern,Straubing,231,
Ramsauer,Dr. Peter,CDU/CSU,Bayern,Traunstein,225,
Rawert,Mechthild,SPD,Berlin,Berlin-Tempelhof-Schöneberg,81,
Rehberg,Eckhardt,CDU/CSU,,,,
Reichardt,Martin,AfD,Sachsen-Anhalt,,,
Reimann,Dr. Carola,SPD  *,Niedersachsen,Braunschweig,50,
Reinhold,Hagen,FDP,,,,
Remmers,Ingrid,Die Linke,,,,
Renner,Martin Erwin,AfD,Nordrhein-Westfalen,Mettmann I,104,https://twitter.com/Renner_AfD
Renner,Martina,Die Linke,,,,
Reusch,Roman Johannes,AfD,Brandenburg,,,
Reuther,Bernd,FDP,Nordrhein-Westfalen,Wesel I,113,
Riebsamen,Lothar,CDU/CSU,Baden-Württemberg,Bodensee,293,
Rief,Josef,CDU/CSU,Baden-Württemberg,Biberach,292,
Riexinger,Bernd,Die Linke,,,,
Rimkus,Andreas,SPD,,,,
Rix,Sönke,SPD,Schleswig-Holstein,Rendsburg-Eckernförde,4,http://twitter.com/SoenkeRix
Röring,Johannes,CDU/CSU,,,,
Röspel,René,SPD,,,,
Rößner,Tabea,Bündnis 90/Die Grünen,,,,
Röttgen,Dr. Norbert,CDU/CSU,Nordrhein-Westfalen,Rhein-Sieg-Kreis II,98,
Rohde,Dennis,SPD,,,,
Rosemann,Dr. Martin,SPD,Baden-Württemberg,Tübingen,290,
Rossmann,Dr. Ernst Dieter,SPD,,,,
Roth (Augsburg),Claudia,Bündnis 90/Die Grünen,,,,
Roth (Heringen),Michael,SPD,Hessen,Werra-Meißner – Hersfeld-Rotenburg,169,https://twitter.com/MiRo_SPD
Rottmann,Dr. Manuela,Bündnis 90/Die Grünen,,,,
Rouenhoff,Stefan,CDU/CSU,Nordrhein-Westfalen,Kleve,112,
Rüddel,Erwin,CDU/CSU,,,,
Rüffer,Corinna,Bündnis 90/Die Grünen,Rheinland-Pfalz,Trier,203,
Rüthrich,Susann,SPD,Sachsen,Meißen,155,
Rützel,Bernd,SPD,,,,
Ruppert,Dr. Stefan,FDP  *,,,,
Rupprecht,Albert,CDU/CSU,Bayern,Weiden,235,
Ryglewski,Sarah,SPD,Bremen,Bremen I,54,
Saathoff,Johann,SPD,Niedersachsen,Aurich – Emden,24,
Sarrazin,Manuel,Bündnis 90/Die Grünen,Hamburg,Hamburg-Bergedorf – Harburg,23,
Sattelberger,Dr. h. c. Thomas,FDP,Bayern,München-Süd,219,https://twitter.com/th_sattelberger
Sauer,Stefan,CDU/CSU,Hessen,Groß-Gerau,184,
Sauter,Christian,FDP,Nordrhein-Westfalen,Lippe I,135,
Schäfer (Saalstadt),Anita,CDU/CSU,Rheinland-Pfalz,Pirmasens,210,
Schäfer (Bochum),Axel,SPD,Nordrhein-Westfalen,Bochum I,140,
Schäffler,Frank,FDP,Nordrhein-Westfalen,Minden-Lübbecke I,134,https://twitter.com/f_schaeffler
Schäuble,Dr. Wolfgang,CDU/CSU,Baden-Württemberg,Offenburg,284,
Schauws,Ulle,Bündnis 90/Die Grünen,,,,
Scheer,Dr. Nina,SPD,Schleswig-Holstein,Herzogtum Lauenburg – Stormarn-Süd,10,
Scheuer,Andreas,CDU/CSU,Bayern,Passau,229,
Schick,Dr. Gerhard,Bündnis 90/Die Grünen  *,Baden-Württemberg,Mannheim,275,
Schieder,Marianne,SPD,Bayern,Schwandorf,234,
Schiefner,Udo,SPD,Nordrhein-Westfalen,Viersen,111,
Schielke-Ziesing,Ulrike,AfD,,,,
Schimke,Jana,CDU/CSU,Brandenburg,Dahme-Spreewald – Teltow-Fläming III – Oberspreewald-Lausitz I,62,
Schinnenburg,Dr. Wieland,FDP,Hamburg,Hamburg-Wandsbek,22,https://twitter.com/wschinnenburg
Schipanski,Tankred,CDU/CSU,,,,
Schlund,Dr. Robby,AfD,,,,
Schmid,Dr. Nils,SPD,,,,
Schmidt (Fürth),Christian,CDU/CSU,,,,
Schmidt (Wetzlar),Dagmar,SPD,,,,
Schmidt,Dr. Frithjof,Bündnis 90/Die Grünen,,,,
Schmidt,Stefan,Bündnis 90/Die Grünen,,,,
Schmidt (Aachen),Ulla,SPD,,,,
Schmidt,Uwe,SPD,,,,
Schmidtke,Prof. Dr. Claudia,CDU/CSU,,,,
Schneider (Erfurt),Carsten,SPD,,,,
Schneider,Jörg,AfD,,,,
Schneidewind-Hartnagel,Charlotte,Bündnis 90/Die Grünen,,,,
Schnieder,Patrick,CDU/CSU,,,,
Schön,Nadine,CDU/CSU,,,,
Schraps,Johannes,SPD,,,,
Schreiber,Eva-Maria,Die Linke,,,,
Schreiner,Felix,CDU/CSU,,,,
Schrodi,Michael,SPD,,,,
Schüle,Dr. Manja,SPD  *,,,,
Schulte,Ursula,SPD,,,,
Schulz,Jimmy,FDP  **,,,,
Schulz,Martin,SPD,,,,
Schulz (Spandau),Swen,SPD,,,,
Schulz,Uwe,AfD,,,,
Schulz-Asche,Kordula,Bündnis 90/Die Grünen,,,,
Schulze,Dr. Klaus-Peter,CDU/CSU,,,,
Schummer,Uwe,CDU/CSU,,,,
Schurer,Ewald,SPD  **,,,,
Schuster (Weil am Rhein),Armin,CDU/CSU  *,,,,
Schwabe,Frank,SPD,,,,
Schwartze,Stefan,SPD,,,,
Schwarz,Andreas,SPD,,,,
Schwarzelühr-Sutter,Rita,SPD,,,,
Schweiger,Torsten,CDU/CSU,,,,
Seestern-Pauly,Matthias,FDP,,,,
Seif,Detlef,CDU/CSU,,,,
Seitz,Thomas,AfD,,,,
Selle,Johannes,CDU/CSU,,,,
Sendker,Reinhold,CDU/CSU,,,,
Sensburg,Prof. Dr. Patrick,CDU/CSU,,,,
Sichert,Martin,AfD,,,,
Siebert,Bernd,CDU/CSU,,,,
Silberhorn,Thomas,CDU/CSU,,,,
Simon,Björn,CDU/CSU,,,,
Sitta,Frank,FDP,,,,
Sitte,Dr. Petra,Die Linke,,,,
Skudelny,Judith,FDP,,,,
Solms,Dr. Hermann Otto,FDP,,,,
Sommer,Helin Evrim,Die Linke,,,,
Sorge,Tino,CDU/CSU,,,,
Spahn,Jens,CDU/CSU,,,,
Spangenberg,Detlev,AfD,,,,
Spaniel,Dr. Dirk,AfD,,,,
Spiering,Rainer,SPD,,,,
Springer,René,AfD,,,,
Stadler,Svenja,SPD,,,,
Staffler,Katrin,CDU/CSU,,,,
Stamm-Fibich,Martina,SPD,,,,
Stark-Watzinger,Bettina,FDP,,,,
Steffel,Frank,CDU/CSU,,,,
Steffen,Sonja Amalie,SPD,,,,
Stefinger,Dr. Wolfgang,CDU/CSU,,,,
Stegemann,Albert,CDU/CSU,,,,
Steier,Andreas,CDU/CSU,,,,
Stein,Mathias,SPD,,,,
Stein (Rostock),Peter,CDU/CSU,,,,
Steineke,Sebastian,CDU/CSU,,,,
Steiniger,Johannes,CDU/CSU,,,,
Steinke,Kersten,Die Linke,,,,
Stetten,Christian Freiherr von,CDU/CSU,,,,
Stier,Dieter,CDU/CSU,,,,
Storch,Beatrix von,AfD,,,,
Storjohann,Gero,CDU/CSU,,,,
Strack-Zimmermann,Dr. Marie-Agnes,FDP,,,,
Stracke,Stephan,CDU/CSU,,,,
Straetmanns,Friedrich,Die Linke,,,,
Strasser,Benjamin,FDP,,,,
Straubinger,Max,CDU/CSU,,,,
Strengmann-Kuhn,Dr. Wolfgang,Bündnis 90/Die Grünen,,,,
Strenz,Karin,CDU/CSU,,,,
Stübgen,Michael,CDU/CSU  *,,,,
Stumpp,Margit,Bündnis 90/Die Grünen,,,,
Suding,Katja,FDP,,,,
Tack,Kerstin,SPD,,,,
Tackmann,Dr. Kirsten,Die Linke,,,,
Tatti,Jessica,Die Linke,,,,
Tauber,Dr. Peter,CDU/CSU,,,,
Tausend,Claudia,SPD,,,,
Tebroke,Dr. Hermann-Josef,CDU/CSU,,,,
Teuteberg,Linda,FDP,,,,
Theurer,Michael,FDP,,,,
Thews,Michael,SPD,,,,
Thies,Hans-Jürgen,CDU/CSU,,,,
Thomae,Stephan,FDP,,,,
Throm,Alexander,CDU/CSU,,,,
Tiemann,Dr. Dietlind,CDU/CSU,,,,
Tillmann,Antje,CDU/CSU,,,,
Todtenhausen,Manfred,FDP,,,,
Töns,Markus,SPD,,,,
Toncar,Dr. Florian,FDP,,,,
Träger,Carsten,SPD,,,,
Tressel,Markus,Bündnis 90/Die Grünen,,,,
Trittin,Jürgen,Bündnis 90/Die Grünen,,,,
Uhl,Markus,CDU/CSU,,,,
Ullmann,Prof. Dr. Andrew,FDP,,,,
Ullrich,Gerald,FDP,,,,
Ullrich,Dr. Volker,CDU/CSU,,,,
Ulrich,Alexander,Die Linke,,,,
Vaatz,Arnold,CDU/CSU,,,,
Veith,Oswin,CDU/CSU  *,,,,
Verlinden,Dr. Julia,Bündnis 90/Die Grünen,,,,
Vieregge,Kerstin,CDU/CSU,,,,
Völlers,Marja-Liisa,SPD,,,,
Vöpel,Dirk,SPD,,,,
Vogel (Olpe),Johannes,FDP,,,,
Vogel (Kleinsaara),Volkmar,CDU/CSU,,,,
Vogler,Kathrin,Die Linke,,,,
Vogt,Ute,SPD,,,,
Vries,Christoph de,CDU/CSU,,,,
Vries,Kees de,CDU/CSU,,,,
Wadephul,Dr. Johann David,CDU/CSU,,,,
Wagenknecht,Dr. Sahra,Die Linke,,,,
Wagner,Andreas,Die Linke,,,,
Wagner,Daniela,Bündnis 90/Die Grünen,,,,
Walter-Rosenheimer,Beate,Bündnis 90/Die Grünen,,,,
Wanderwitz,Marco,CDU/CSU,,,,
Warken,Nina,CDU/CSU,,,,
Weber,Gabi,SPD,,,,
Weeser,Sandra,FDP,,,,
Wegner,Kai,CDU/CSU,,,,
Weidel,Dr. Alice,AfD,,,,
Weiler,Albert H.,CDU/CSU,,,,
Weinberg,Harald,Die Linke,,,,
Weinberg (Hamburg),Marcus,CDU/CSU,,,,
Weingarten,Dr. Joe,SPD,,,,
Weisgerber,Dr. Anja,CDU/CSU,,,,
Weiß (Emmendingen),Peter,CDU/CSU,,,,
Weiss (Wesel I),Sabine,CDU/CSU,,,,
Wellenreuther,Ingo,CDU/CSU,,,,
Wendt,Marian,CDU/CSU,,,,
Werner,Katrin,Die Linke,,,,
Westig,Nicole,FDP,,,,
Westphal,Bernd,SPD,,,,
Wetzel,Wolfgang,Bündnis 90/Die Grünen,,,,
Weyel,Prof. Dr. Harald,AfD,,,,
Whittaker,Kai,CDU/CSU,,,,
Widmann-Mauz,Annette,CDU/CSU,,,,
Wiehle,Wolfgang,AfD,,,,
Wiese,Dirk,SPD,,,,
Wiesmann,Bettina Margarethe,CDU/CSU,,,,
Wildberg,Dr. Heiko,AfD,,,,
Willkomm,Katharina,FDP,,,,
Willsch,Klaus-Peter,CDU/CSU,,,,
Winkelmeier-Becker,Elisabeth,CDU/CSU,,,,
Wirth,Dr. Christian,AfD,,,,
Witt,Uwe,AfD,,,,
Wittke,Oliver,CDU/CSU,,,,
Yüksel,Gülistan,SPD,,,,
Zdebel,Hubertus,Die Linke,,,,
Zech,Tobias,CDU/CSU,,,,
Zeulner,Emmi,CDU/CSU,,,,
Zickenheiner,Gerhard,Bündnis 90/Die Grünen,,,,
Ziegler,Dagmar,SPD,,,,
Ziemiak,Paul,CDU/CSU,,,,
Zierke,Stefan,SPD,,,,
Zimmer,Prof. Dr. Matthias,CDU/CSU,,,,
Zimmermann,Dr. Jens,SPD,,,,
Zimmermann,Pia,Die Linke,,,,
Zimmermann (Zwickau),Sabine,Die Linke,,,,
