last_name,first_name,party,bundesland,wahlkreis_name,wahlkreis_nr,wahlkreis,twitter,name_matching
Abercron,Dr. Michael von,CDU/CSU,"






  Schleswig-Holstein

",Pinneberg,7.0,Wahlkreis 007: Pinneberg,mvabercron,Michael Abercron
Achelwilm,Doris,Die Linke,Bremen,,,n.a.,doris_achelwilm,Doris Achelwilm
Aggelidis,Grigorios,FDP,"






  Niedersachsen

",Hannover-Land I,43,Wahlkreis 043: Hannover-Land I,aggelidis_fdp,Grigorios Aggelidis
Akbulut,Gökay,Die Linke,"






  Baden-Württemberg

",Mannheim,275,Wahlkreis 275: Mannheim,akbulutgokay,Gokay Akbulut
Albani,Stephan,CDU/CSU,"






  Niedersachsen

",Oldenburg – Ammerland,27,Wahlkreis 027: Oldenburg – Ammerland,,Stephan Albani
Alt,Renata,FDP,"






  Baden-Württemberg

",Nürtingen,262,Wahlkreis 262: Nürtingen,,Renata Alt
Altenkamp,Norbert,CDU/CSU,"






  Hessen

",Main-Taunus,181,Wahlkreis 181: Main-Taunus,,Norbert Altenkamp
Altmaier,Peter,CDU/CSU,"






  Saarland

",Saarlouis,297,Wahlkreis 297: Saarlouis,peteraltmaier,Peter Altmaier
Amthor,Philipp,CDU/CSU,"






  Mecklenburg-Vorpommern

",Mecklenburgische Seenplatte I – Vorpommern-Greifswald II,16,Wahlkreis 016: Mecklenburgische Seenplatte I – Vorpommern-Greifswald II,,Philipp Amthor
Amtsberg,Luise,Bündnis 90/Die Grünen,"






  Schleswig-Holstein

",Kiel,5,Wahlkreis 005: Kiel,,Luise Amtsberg
Andreae,Kerstin,Bündnis 90/Die Grünen  *,"






  Baden-Württemberg

",Freiburg,281,Wahlkreis 281: Freiburg,,Kerstin Andreae
Annen,Niels,SPD,"






  Hamburg

",Hamburg-Eimsbüttel,20,Wahlkreis 020: Hamburg-Eimsbüttel,NielsAnnen,Niels Annen
Arndt-Brauer,Ingrid,SPD,"






  Nordrhein-Westfalen

",Steinfurt I – Borken I,124,Wahlkreis 124: Steinfurt I – Borken I,,Ingrid Arndt-Brauer
Aschenberg-Dugnus,Christine,FDP,"






  Schleswig-Holstein

",Rendsburg-Eckernförde,4,Wahlkreis 004: Rendsburg-Eckernförde,cad59,Christine Aschenberg-Dugnus
Auernhammer,Artur,CDU/CSU,"






  Bayern

",Ansbach,241,Wahlkreis 241: Ansbach,,Artur Auernhammer
Aumer,Peter,CDU/CSU,"






  Bayern

",Regensburg,233,Wahlkreis 233: Regensburg,PeterAumer,Peter Aumer
Bach,Bela,SPD,"






  Bayern

",München-Land,221,Wahlkreis 221: München-Land,bela_bach,Bela Bach
Badum,Lisa,Bündnis 90/Die Grünen,"






  Bayern

",Bamberg,236,Wahlkreis 236: Bamberg,badulrichmartha,Lisa Badum
Baehrens,Heike,SPD,"






  Baden-Württemberg

",Göppingen,263,Wahlkreis 263: Göppingen,,Heike Baehrens
Bär,Dorothee,CDU/CSU,"






  Bayern

",Bad Kissingen,248,Wahlkreis 248: Bad Kissingen,DoroBaer,Dorothee Bar
Baerbock,Annalena,Bündnis 90/Die Grünen,"






  Brandenburg

",Potsdam – Potsdam-Mittelmark II – Teltow-Fläming II,61,Wahlkreis 061: Potsdam – Potsdam-Mittelmark II – Teltow-Fläming II,ABaerbock,Annalena Baerbock
Bahr,Ulrike,SPD,"






  Bayern

",Augsburg-Stadt,252,Wahlkreis 252: Augsburg-Stadt,MdB_Ulrike_Bahr,Ulrike Bahr
Baradari,Nezahat,SPD,"






  Nordrhein-Westfalen

",Olpe – Märkischer Kreis I,149,Wahlkreis 149: Olpe – Märkischer Kreis I,,Nezahat Baradari
Bareiß,Thomas,CDU/CSU,"






  Baden-Württemberg

",Zollernalb – Sigmaringen,295,Wahlkreis 295: Zollernalb – Sigmaringen,Thomas_Bareiss,Thomas Bareiss
Barley,Dr. Katarina,SPD  *,"






  Rheinland-Pfalz

",Trier,203,Wahlkreis 203: Trier,,Katarina Barley
Barnett,Doris,SPD,"






  Rheinland-Pfalz

",Ludwigshafen/Frankenthal,207,Wahlkreis 207: Ludwigshafen/Frankenthal,,Doris Barnett
Barrientos,Simone,Die Linke,"






  Bayern

",Würzburg,251,Wahlkreis 251: Würzburg,SBarrientosK,Simone Barrientos
Barthle,Norbert,CDU/CSU,"






  Baden-Württemberg

",Backnang – Schwäbisch Gmünd,269,Wahlkreis 269: Backnang – Schwäbisch Gmünd,,Norbert Barthle
Bartke,Dr. Matthias,SPD,"






  Hamburg

",Hamburg-Altona,19,Wahlkreis 019: Hamburg-Altona,matthiasbartke ,Matthias Bartke
Bartol,Sören,SPD,"






  Hessen

",Marburg,171,Wahlkreis 171: Marburg,soerenbartol,Soren Bartol
Bartsch,Dr. Dietmar,Die Linke,"






  Mecklenburg-Vorpommern

",Rostock – Landkreis Rostock II,14,Wahlkreis 014: Rostock – Landkreis Rostock II,DietmarBartsch,Dietmar Bartsch
Bas,Bärbel,SPD,"






  Nordrhein-Westfalen

",Duisburg I,115,Wahlkreis 115: Duisburg I,baerbelbas,Barbel Bas
Bauer,Nicole,FDP,"






  Bayern

",Landshut,228,Wahlkreis 228: Landshut,nicole_ae_bauer,Nicole Bauer
Baumann,Dr. Bernd,AfD,"






  Hamburg

",Hamburg-Altona,19,Wahlkreis 019: Hamburg-Altona,berndbaumannafd,Bernd Baumann
Bause,Margarete,Bündnis 90/Die Grünen,"






  Bayern

",München-Ost,218,Wahlkreis 218: München-Ost,MargareteBause,Margarete Bause
Bayaz,Dr. Danyal,Bündnis 90/Die Grünen,"






  Baden-Württemberg

",Bruchsal – Schwetzingen,278,Wahlkreis 278: Bruchsal – Schwetzingen,derdanyal,Danyal Bayaz
Bayram,Canan,Bündnis 90/Die Grünen,"






  Berlin

",Berlin-Friedrichshain-Kreuzberg – Prenzlauer Berg Ost,83,Wahlkreis 083: Berlin-Friedrichshain-Kreuzberg – Prenzlauer Berg Ost,LieblingXhain,Canan Bayram
Beeck,Jens,FDP,"






  Niedersachsen

",Mittelems,31,Wahlkreis 031: Mittelems,jensbeeck,Jens Beeck
Beer,Nicola,FDP  *,"






  Hessen

",Frankfurt am Main I,182,Wahlkreis 182: Frankfurt am Main I,,Nicola Beer
Beermann,Maik,CDU/CSU,"






  Niedersachsen

",Nienburg II – Schaumburg,40,Wahlkreis 040: Nienburg II – Schaumburg,MaikBeermann,Maik Beermann
Behrens (Börde),Manfred,CDU/CSU,"






  Sachsen-Anhalt

",Börde – Jerichower Land,67,Wahlkreis 067: Börde – Jerichower Land,Manfredbehrens,Manfred Behrens
Bellmann,Veronika,CDU/CSU,"






  Sachsen

",Mittelsachsen,161,Wahlkreis 161: Mittelsachsen,,Veronika Bellmann
Benning,Sybille,CDU/CSU,"






  Nordrhein-Westfalen

",Münster,129,Wahlkreis 129: Münster,SybilleBenning,Sybille Benning
Berghegger,Dr. André,CDU/CSU,"






  Niedersachsen

",Osnabrück-Land,38,Wahlkreis 038: Osnabrück-Land,,Andre Berghegger
Bernhard,Marc,AfD,"






  Baden-Württemberg

",Karlsruhe-Stadt,271,Wahlkreis 271: Karlsruhe-Stadt,MarcBernhardAfD,Marc Bernhard
Bernstein,Melanie,CDU/CSU,"






  Schleswig-Holstein

",Plön – Neumünster,6,Wahlkreis 006: Plön – Neumünster,,Melanie Bernstein
Bernstiel,Christoph,CDU/CSU,"






  Sachsen-Anhalt

",Halle,72,Wahlkreis 072: Halle,c_bernstiel,Christoph Bernstiel
Beutin,Lorenz Gösta,Die Linke,"






  Schleswig-Holstein

",Plön – Neumünster,6,Wahlkreis 006: Plön – Neumünster,lgbeutin,Lorenz Beutin
Beyer,Peter,CDU/CSU,"






  Nordrhein-Westfalen

",Mettmann II,105,Wahlkreis 105: Mettmann II,Peter_Beyer,Peter Beyer
Biadacz,Marc,CDU/CSU,"






  Baden-Württemberg

",Böblingen,260,Wahlkreis 260: Böblingen,MBiadaczMdB,Marc Biadacz
Bilger,Steffen,CDU/CSU,"






  Baden-Württemberg

",Ludwigsburg,265,Wahlkreis 265: Ludwigsburg,steffenbilger,Steffen Bilger
Binding (Heidelberg),Lothar,SPD,"






  Baden-Württemberg

",Heidelberg,274,Wahlkreis 274: Heidelberg,lothar_binding,Lothar Binding
Birkwald,Matthias W.,Die Linke,"






  Nordrhein-Westfalen

",Köln II,94,Wahlkreis 094: Köln II,MWBirkwald,Matthias Birkwald
Bleck,Andreas,AfD,"






  Rheinland-Pfalz

",Neuwied,197,Wahlkreis 197: Neuwied,AndreasBleckMdB,Andreas Bleck
Bleser,Peter,CDU/CSU,"






  Rheinland-Pfalz

",Mosel/Rhein-Hunsrück,200,Wahlkreis 200: Mosel/Rhein-Hunsrück,,Peter Bleser
Bluhm-Förster,Heidrun,Die Linke,"






  Mecklenburg-Vorpommern

",Mecklenburgische Seenplatte II – Landkreis Rostock III,17,Wahlkreis 017: Mecklenburgische Seenplatte II – Landkreis Rostock III,,Heidrun Bluhm-Forster
Boehringer,Peter,AfD,"






  Bayern

",Amberg,232,Wahlkreis 232: Amberg,PeterBoehringer,Peter Boehringer
Brackmann,Norbert,CDU/CSU,"






  Schleswig-Holstein

",Herzogtum Lauenburg – Stormarn-Süd,10,Wahlkreis 010: Herzogtum Lauenburg – Stormarn-Süd,,Norbert Brackmann
Brand (Fulda),Michael,CDU/CSU,"






  Hessen

",Fulda,174,Wahlkreis 174: Fulda,,Michael Brand
Brandenburg (Rhein-Neckar),Dr. Jens,FDP,"






  Baden-Württemberg

",Rhein-Neckar,277,Wahlkreis 277: Rhein-Neckar,JBrandenburgFDP,Jens Brandenburg
Brandenburg (Südpfalz),Mario,FDP,"






  Rheinland-Pfalz

",Südpfalz,211,Wahlkreis 211: Südpfalz,,Mario Brandenburg
Brandl,Dr. Reinhard,CDU/CSU,"






  Bayern

",Ingolstadt,216,Wahlkreis 216: Ingolstadt,,Reinhard Brandl
Brandner,Stephan,AfD,"






  Thüringen

",Erfurt – Weimar – Weimarer Land II,193,Wahlkreis 193: Erfurt – Weimar – Weimarer Land II,stbrandner,Stephan Brandner
Brandt,Michel,Die Linke,"






  Baden-Württemberg

",Karlsruhe-Stadt,271,Wahlkreis 271: Karlsruhe-Stadt,michel_brandt_,Michel Brandt
Brantner,Dr. Franziska,Bündnis 90/Die Grünen,"






  Baden-Württemberg

",Heidelberg,274,Wahlkreis 274: Heidelberg,fbrantner,Franziska Brantner
Brauksiepe,Dr. Ralf,CDU/CSU  *,"






  Nordrhein-Westfalen

",Ennepe-Ruhr-Kreis II,139,Wahlkreis 139: Ennepe-Ruhr-Kreis II,,Ralf Brauksiepe
Braun,Prof. Dr. Helge,CDU/CSU,"






  Hessen

",Gießen,173,Wahlkreis 173: Gießen,HBraun,Helge Braun
Braun,Jürgen,AfD,"






  Baden-Württemberg

",Waiblingen,264,Wahlkreis 264: Waiblingen,JuergenBraunAfD,Jurgen Braun
Brecht,Dr. Eberhard,SPD,"






  Sachsen-Anhalt

",Harz,68,Wahlkreis 068: Harz,,Eberhard Brecht
Breher,Silvia,CDU/CSU,"






  Niedersachsen

",Cloppenburg – Vechta,32,Wahlkreis 032: Cloppenburg – Vechta,,Silvia Breher
Brehm,Sebastian,CDU/CSU,"






  Bayern

",Nürnberg-Nord,244,Wahlkreis 244: Nürnberg-Nord,brehm_innbgnord,Sebastian Brehm
Brehmer,Heike,CDU/CSU,"






  Sachsen-Anhalt

",Harz,68,Wahlkreis 068: Harz,HeikeBrehmerMdB,Heike Brehmer
Breymaier,Leni,SPD,"






  Baden-Württemberg

",Aalen – Heidenheim,270,Wahlkreis 270: Aalen – Heidenheim,LeniBreymaier,Leni Breymaier
Brinkhaus,Ralph,CDU/CSU,"






  Nordrhein-Westfalen

",Gütersloh I,131,Wahlkreis 131: Gütersloh I,rbrinkhaus,Ralph Brinkhaus
Brodesser,Dr. Carsten,CDU/CSU,"






  Nordrhein-Westfalen

",Oberbergischer Kreis,99,Wahlkreis 099: Oberbergischer Kreis,,Carsten Brodesser
Brugger,Agnieszka,Bündnis 90/Die Grünen,"






  Baden-Württemberg

",Ravensburg,294,Wahlkreis 294: Ravensburg,agnieszka_mdb,Agnieszka Brugger
Brunner,Dr. Karl-Heinz,SPD,"






  Bayern

",Neu-Ulm,255,Wahlkreis 255: Neu-Ulm,brunnerganzohr,Karl-Heinz Brunner
Bubendorfer-Licht,Sandra,FDP,"






  Bayern

",Altötting,212,Wahlkreis 212: Altötting,,Sandra Bubendorfer-Licht
Buchholz,Dr. Bernd,FDP  ***,"






  Schleswig-Holstein

",Herzogtum Lauenburg – Stormarn-Süd,10,Wahlkreis 010: Herzogtum Lauenburg – Stormarn-Süd,,Bernd Buchholz
Buchholz,Christine,Die Linke,"






  Hessen

",Offenbach,185,Wahlkreis 185: Offenbach,ch_buchholz,Christine Buchholz
Budde,Katrin,SPD,"






  Sachsen-Anhalt

",Mansfeld,74,Wahlkreis 074: Mansfeld,,Katrin Budde
Bühl,Marcus,AfD,Thüringen,,,n.a.,Marcus_Buehl,Marcus Buhl
Bülow,Marco,fraktionslos,"






  Nordrhein-Westfalen

",Dortmund I,142,Wahlkreis 142: Dortmund I,,Marco Bulow
Büttner,Matthias,AfD,"






  Sachsen-Anhalt

",Altmark,66,Wahlkreis 066: Altmark,Buettner_MdB,Matthias Buttner
Bull-Bischoff,Dr. Birke,Die Linke,"






  Sachsen-Anhalt

",Burgenland – Saalekreis,73,Wahlkreis 073: Burgenland – Saalekreis,Birke_Bull,Birke Bull-Bischoff
Burkert,Martin,SPD  *,"






  Bayern

",Nürnberg-Süd,245,Wahlkreis 245: Nürnberg-Süd,,Martin Burkert
Buschmann,Dr. Marco,FDP,"






  Nordrhein-Westfalen

",Gelsenkirchen,123,Wahlkreis 123: Gelsenkirchen,,Marco Buschmann
Busen,Karlheinz,FDP,"






  Nordrhein-Westfalen

",Borken II,126,Wahlkreis 126: Borken II,,Karlheinz Busen
Bystron,Petr,AfD,"






  Bayern

",München-Nord,217,Wahlkreis 217: München-Nord,BystronAfD,Petr Bystron
Castellucci,Prof. Dr. Lars,SPD,"






  Baden-Württemberg

",Rhein-Neckar,277,Wahlkreis 277: Rhein-Neckar,larscastellucci,Lars Castellucci
Cezanne,Jörg,Die Linke,"






  Hessen

",Groß-Gerau,184,Wahlkreis 184: Groß-Gerau,,Jorg Cezanne
Christmann,Dr. Anna,Bündnis 90/Die Grünen,"






  Baden-Württemberg

",Stuttgart II,259,Wahlkreis 259: Stuttgart II,annachristmann,Anna Christmann
Chrupalla,Tino,AfD,"






  Sachsen

",Görlitz,157,Wahlkreis 157: Görlitz,Tino_Chrupalla,Tino Chrupalla
Connemann,Gitta,CDU/CSU,"






  Niedersachsen

",Unterems,25,Wahlkreis 025: Unterems,gitta_connemann,Gitta Connemann
Cotar,Joana,AfD,Hessen,,,n.a.,JoanaCotar,Joana Cotar
Cronenberg,Carl-Julius,FDP,"






  Nordrhein-Westfalen

",Hochsauerlandkreis,147,Wahlkreis 147: Hochsauerlandkreis,,Carl-Julius Cronenberg
Curio,Dr. Gottfried,AfD,Berlin,,,n.a.,GottfriedCurio,Gottfried Curio
Dahmen,Dr. Janosch,Bündnis 90/Die Grünen,"






  Nordrhein-Westfalen

",Ennepe-Ruhr-Kreis II,139,Wahlkreis 139: Ennepe-Ruhr-Kreis II,janoschdahmen,Janosch Dahmen
Daldrup,Bernhard,SPD,"






  Nordrhein-Westfalen

",Warendorf,130,Wahlkreis 130: Warendorf,,Bernhard Daldrup
Damerow,Astrid,CDU/CSU,"






  Schleswig-Holstein

",Nordfriesland – Dithmarschen Nord,2,Wahlkreis 002: Nordfriesland – Dithmarschen Nord,,Astrid Damerow
Dassler,Britta Katharina,FDP,"






  Bayern

",Erlangen,242,Wahlkreis 242: Erlangen,,Britta Dassler
Dağdelen,Sevim,Die Linke,"






  Nordrhein-Westfalen

",Bochum I,140,Wahlkreis 140: Bochum I,SevimDagdelen,Sevim Dagdelen
De Masi,Fabio,Die Linke,Hamburg,,,n.a.,Fabiodemasi,Fabio De
De Ridder,Dr. Daniela,SPD,"






  Niedersachsen

",Mittelems,31,Wahlkreis 031: Mittelems,,Daniela De
Dehm,Dr. Diether,Die Linke,"






  Niedersachsen

",Hannover-Land I,43,Wahlkreis 043: Hannover-Land I,Diether_Dehm,Diether Dehm
Deligöz,Ekin,Bündnis 90/Die Grünen,"






  Bayern

",Neu-Ulm,255,Wahlkreis 255: Neu-Ulm,ekindeligoez,Ekin Deligoz
Diaby,Dr. Karamba,SPD,"






  Sachsen-Anhalt

",Halle,72,Wahlkreis 072: Halle,KarambaDiaby,Karamba Diaby
Dilcher,Esther,SPD,"






  Hessen

",Waldeck,167,Wahlkreis 167: Waldeck,,Esther Dilcher
Dittmar,Sabine,SPD,"






  Bayern

",Bad Kissingen,248,Wahlkreis 248: Bad Kissingen,dittmarsabine,Sabine Dittmar
Djir-Sarai,Bijan,FDP,"






  Nordrhein-Westfalen

",Neuss I,108,Wahlkreis 108: Neuss I,,Bijan Djir-Sarai
Dobrindt,Alexander,CDU/CSU,"






  Bayern

",Weilheim,226,Wahlkreis 226: Weilheim,,Alexander Dobrindt
Dörner,Katja,Bündnis 90/Die Grünen  *,"






  Nordrhein-Westfalen

",Bonn,96,Wahlkreis 096: Bonn,,Katja Dorner
Dött,Marie-Luise,CDU/CSU,"






  Nordrhein-Westfalen

",Oberhausen – Wesel III,117,Wahlkreis 117: Oberhausen – Wesel III,,Marie-Luise Dott
Domscheit-Berg,Anke,Die Linke,"






  Brandenburg

",Brandenburg an der Havel – Potsdam-Mittelmark I – Havelland III – Teltow-Fläming I,60,Wahlkreis 060: Brandenburg an der Havel – Potsdam-Mittelmark I – Havelland III – Teltow-Fläming I,anked,Anke Domscheit-Berg
Donth,Michael,CDU/CSU,"






  Baden-Württemberg

",Reutlingen,289,Wahlkreis 289: Reutlingen,,Michael Donth
Dröge,Katharina,Bündnis 90/Die Grünen,"






  Nordrhein-Westfalen

",Köln III,95,Wahlkreis 095: Köln III,katdro,Katharina Droge
Droese,Siegbert,AfD,"






  Sachsen

",Leipzig II,153,Wahlkreis 153: Leipzig II,Siegbert_Droese,Siegbert Droese
Dürr,Christian,FDP,"






  Niedersachsen

",Delmenhorst – Wesermarsch – Oldenburg-Land,28,Wahlkreis 028: Delmenhorst – Wesermarsch – Oldenburg-Land,christianduerr,Christian Durr
Durz,Hansjörg,CDU/CSU,"






  Bayern

",Augsburg-Land,253,Wahlkreis 253: Augsburg-Land,Hansjoerg_Durz,Hansjorg Durz
Ebbing,Hartmut,FDP,"






  Berlin

",Berlin-Steglitz-Zehlendorf,79,Wahlkreis 079: Berlin-Steglitz-Zehlendorf,,Hartmut Ebbing
Ebner,Harald,Bündnis 90/Die Grünen,"






  Baden-Württemberg

",Schwäbisch Hall – Hohenlohe,268,Wahlkreis 268: Schwäbisch Hall – Hohenlohe,ebner_sha,Harald Ebner
Ehrhorn,Thomas,AfD,"






  Niedersachsen

",Celle – Uelzen,44,Wahlkreis 044: Celle – Uelzen,Thomas_Ehrhorn,Thomas Ehrhorn
Elsner von Gronow,Berengar,AfD,"






  Nordrhein-Westfalen

",Soest,146,Wahlkreis 146: Soest,,Berengar Elsner
Erndl,Thomas,CDU/CSU,"






  Bayern

",Deggendorf,227,Wahlkreis 227: Deggendorf,TErndl,Thomas Erndl
Ernst,Klaus,Die Linke,"






  Bayern

",Schweinfurt,250,Wahlkreis 250: Schweinfurt,ernst_klaus,Klaus Ernst
Esdar,Dr. Wiebke,SPD,"






  Nordrhein-Westfalen

",Bielefeld – Gütersloh II,132,Wahlkreis 132: Bielefeld – Gütersloh II,,Wiebke Esdar
Esken,Saskia,SPD,"






  Baden-Württemberg

",Calw,280,Wahlkreis 280: Calw,EskenSaskia,Saskia Esken
Espendiller,Dr. Michael,AfD,"






  Nordrhein-Westfalen

",Steinfurt III,128,Wahlkreis 128: Steinfurt III,EspendillerM,Michael Espendiller
Faber,Dr. Marcus,FDP,"






  Sachsen-Anhalt

",Altmark,66,Wahlkreis 066: Altmark,marcusfaber,Marcus Faber
Färber,Hermann,CDU/CSU,"






  Baden-Württemberg

",Göppingen,263,Wahlkreis 263: Göppingen,,Hermann Farber
Fahimi,Yasmin,SPD,"






  Niedersachsen

",Stadt Hannover II,42,Wahlkreis 042: Stadt Hannover II,,Yasmin Fahimi
Fechner,Dr. Johannes,SPD,"






  Baden-Württemberg

",Emmendingen – Lahr,283,Wahlkreis 283: Emmendingen – Lahr,FechnerJohannes,Johannes Fechner
Feiler,Uwe,CDU/CSU,"






  Brandenburg

",Oberhavel – Havelland II,58,Wahlkreis 058: Oberhavel – Havelland II,UweFe,Uwe Feiler
Felgentreu,Dr. Fritz,SPD,"






  Berlin

",Berlin-Neukölln,82,Wahlkreis 082: Berlin-Neukölln,fritzfelgentreu,Fritz Felgentreu
Felser,Peter,AfD,"






  Bayern

",Oberallgäu,256,Wahlkreis 256: Oberallgäu,PeterFelser,Peter Felser
Ferlemann,Enak,CDU/CSU,"






  Niedersachsen

",Cuxhaven – Stade II,29,Wahlkreis 029: Cuxhaven – Stade II,,Enak Ferlemann
Ferschl,Susanne,Die Linke,"






  Bayern

",Ostallgäu,257,Wahlkreis 257: Ostallgäu,,Susanne Ferschl
Fischer (Karlsruhe-Land),Axel E.,CDU/CSU,"






  Baden-Württemberg

",Karlsruhe-Land,272,Wahlkreis 272: Karlsruhe-Land,Axel_Fischer,Axel Fischer
Flachsbarth,Dr. Maria,CDU/CSU,"






  Niedersachsen

",Hannover-Land II,47,Wahlkreis 047: Hannover-Land II,,Maria Flachsbarth
Föst,Daniel,FDP,"






  Bayern

",München-Nord,217,Wahlkreis 217: München-Nord,dfoest,Daniel Fost
Franke,Dr. Edgar,SPD,"






  Hessen

",Schwalm-Eder,170,Wahlkreis 170: Schwalm-Eder,FrankeEdgar,Edgar Franke
Freese,Ulrich,SPD,"






  Brandenburg

",Cottbus – Spree-Neiße,64,Wahlkreis 064: Cottbus – Spree-Neiße,ulifreese,Ulrich Freese
Frei,Thorsten,CDU/CSU,"






  Baden-Württemberg

",Schwarzwald-Baar,286,Wahlkreis 286: Schwarzwald-Baar,thorsten_frei,Thorsten Frei
Freihold,Brigitte,Die Linke,"






  Rheinland-Pfalz

",Pirmasens,210,Wahlkreis 210: Pirmasens,mdb_freihold,Brigitte Freihold
Freitag,Dagmar,SPD,"






  Nordrhein-Westfalen

",Märkischer Kreis II,150,Wahlkreis 150: Märkischer Kreis II,DagmarFreitag13,Dagmar Freitag
Freudenstein,Dr. Astrid,CDU/CSU  *,Bayern,,,n.a.,,Astrid Freudenstein
Fricke,Otto,FDP,"






  Nordrhein-Westfalen

",Krefeld I – Neuss II,110,Wahlkreis 110: Krefeld I – Neuss II,Otto_Fricke,Otto Fricke
Friedhoff,Dietmar,AfD,"






  Niedersachsen

",Hannover-Land I,43,Wahlkreis 043: Hannover-Land I,friedhoff_afd,Dietmar Friedhoff
Friedrich (Hof),Dr. Hans-Peter,CDU/CSU,"






  Bayern

",Hof,239,Wahlkreis 239: Hof,HPFriedrichCSU,Hans-Peter Friedrich
Friesen,Dr. Anton,AfD,Thüringen,,,n.a.,DrFriesenMdB,Anton Friesen
Frieser,Michael,CDU/CSU,"






  Bayern

",Nürnberg-Süd,245,Wahlkreis 245: Nürnberg-Süd,MichaelFrieser,Michael Frieser
Frömming,Dr. Götz,AfD,Berlin,,,n.a.,gtzfrmming,Gotz Fromming
Frohnmaier,Markus,AfD,"






  Baden-Württemberg

",Böblingen,260,Wahlkreis 260: Böblingen,frohnmaier_afd,Markus Frohnmaier
Fuchtel,Hans-Joachim,CDU/CSU,"






  Baden-Württemberg

",Calw,280,Wahlkreis 280: Calw,fuchtel,Hans-Joachim Fuchtel
Gabelmann,Sylvia,Die Linke,"






  Nordrhein-Westfalen

",Siegen-Wittgenstein,148,Wahlkreis 148: Siegen-Wittgenstein,,Sylvia Gabelmann
Gabriel,Sigmar,SPD  *,"






  Niedersachsen

",Salzgitter – Wolfenbüttel,49,Wahlkreis 049: Salzgitter – Wolfenbüttel,,Sigmar Gabriel
Gädechens,Ingo,CDU/CSU,"






  Schleswig-Holstein

",Ostholstein – Stormarn-Nord,9,Wahlkreis 009: Ostholstein – Stormarn-Nord,,Ingo Gadechens
Gastel,Matthias,Bündnis 90/Die Grünen,"






  Baden-Württemberg

",Nürtingen,262,Wahlkreis 262: Nürtingen,MatthiasGastel,Matthias Gastel
Gauland,Dr. Alexander,AfD,"






  Brandenburg

",Frankfurt (Oder) – Oder-Spree,63,Wahlkreis 063: Frankfurt (Oder) – Oder-Spree,,Alexander Gauland
Gebhart,Dr. Thomas,CDU/CSU,"






  Rheinland-Pfalz

",Südpfalz,211,Wahlkreis 211: Südpfalz,thomasgebhart,Thomas Gebhart
Gehring,Kai,Bündnis 90/Die Grünen,"






  Nordrhein-Westfalen

",Essen III,120,Wahlkreis 120: Essen III,KaiGehring,Kai Gehring
Gehrke,Prof. Dr. Axel,AfD,"






  Schleswig-Holstein

",Ostholstein – Stormarn-Nord,9,Wahlkreis 009: Ostholstein – Stormarn-Nord,axelgehrke,Axel Gehrke
Gelbhaar,Stefan,Bündnis 90/Die Grünen,"






  Berlin

",Berlin-Pankow,76,Wahlkreis 076: Berlin-Pankow,StefanGelbhaar,Stefan Gelbhaar
Gerdes,Michael,SPD,"






  Nordrhein-Westfalen

",Bottrop – Recklinghausen III,125,Wahlkreis 125: Bottrop – Recklinghausen III,,Michael Gerdes
Gerig,Alois,CDU/CSU,"






  Baden-Württemberg

",Odenwald – Tauber,276,Wahlkreis 276: Odenwald – Tauber,,Alois Gerig
Gerster,Martin,SPD,"






  Baden-Württemberg

",Biberach,292,Wahlkreis 292: Biberach,,Martin Gerster
Gienger,Eberhard,CDU/CSU,"






  Baden-Württemberg

",Neckar-Zaber,266,Wahlkreis 266: Neckar-Zaber,,Eberhard Gienger
Glaser,Albrecht,AfD,"






  Hessen

",Schwalm-Eder,170,Wahlkreis 170: Schwalm-Eder,,Albrecht Glaser
Glöckner,Angelika,SPD,"






  Rheinland-Pfalz

",Pirmasens,210,Wahlkreis 210: Pirmasens,A_Gloeckner,Angelika Glockner
Gminder,Franziska,AfD,Baden-Württemberg,,,n.a.,,Franziska Gminder
Gnodtke,Eckhard,CDU/CSU,"






  Sachsen-Anhalt

",Altmark,66,Wahlkreis 066: Altmark,,Eckhard Gnodtke
Göring-Eckardt,Katrin,Bündnis 90/Die Grünen,"






  Thüringen

",Erfurt – Weimar – Weimarer Land II,193,Wahlkreis 193: Erfurt – Weimar – Weimarer Land II,GoeringEckardt,Katrin Goring-Eckardt
Gohlke,Nicole,Die Linke,"






  Bayern

",München-Süd,219,Wahlkreis 219: München-Süd,NicoleGohlke,Nicole Gohlke
Gottberg,Wilhelm von,AfD,Niedersachsen,,,n.a.,,Wilhelm Gottberg
Gottschalk,Kay,AfD,"






  Nordrhein-Westfalen

",Viersen,111,Wahlkreis 111: Viersen,kaygottschalk1,Kay Gottschalk
Gremmels,Timon,SPD,"






  Hessen

",Kassel,168,Wahlkreis 168: Kassel,Timon_Gremmels,Timon Gremmels
Griese,Kerstin,SPD,"






  Nordrhein-Westfalen

",Mettmann II,105,Wahlkreis 105: Mettmann II,KerstinGriese,Kerstin Griese
Groden-Kranich,Ursula,CDU/CSU,"






  Rheinland-Pfalz

",Mainz,205,Wahlkreis 205: Mainz,,Ursula Groden-Kranich
Gröhe,Hermann,CDU/CSU,"






  Nordrhein-Westfalen

",Neuss I,108,Wahlkreis 108: Neuss I,groehe,Hermann Grohe
Gröhler,Klaus-Dieter,CDU/CSU,"






  Berlin

",Berlin-Charlottenburg-Wilmersdorf,80,Wahlkreis 080: Berlin-Charlottenburg-Wilmersdorf,,Klaus-Dieter Grohler
Grötsch,Uli,SPD,"






  Bayern

",Weiden,235,Wahlkreis 235: Weiden,UliGroetsch,Uli Grotsch
Groß,Michael,SPD,"






  Nordrhein-Westfalen

",Recklinghausen II,122,Wahlkreis 122: Recklinghausen II,michaelgrossmdb,Michael Gross
Grosse-Brömer,Michael,CDU/CSU,"






  Niedersachsen

",Harburg,36,Wahlkreis 036: Harburg,MGrosseBroemer,Michael Grosse-Bromer
Grotelüschen,Astrid,CDU/CSU,"






  Niedersachsen

",Delmenhorst – Wesermarsch – Oldenburg-Land,28,Wahlkreis 028: Delmenhorst – Wesermarsch – Oldenburg-Land,,Astrid Groteluschen
Grübel,Markus,CDU/CSU,"






  Baden-Württemberg

",Esslingen,261,Wahlkreis 261: Esslingen,GruebelMdb,Markus Grubel
Grütters,Prof. Monika,CDU/CSU,"






  Berlin

",Berlin-Marzahn-Hellersdorf,85,Wahlkreis 085: Berlin-Marzahn-Hellersdorf,,Monika Grutters
Grund,Manfred,CDU/CSU,"






  Thüringen

",Eichsfeld – Nordhausen – Kyffhäuserkreis,189,Wahlkreis 189: Eichsfeld – Nordhausen – Kyffhäuserkreis,manfred_grund,Manfred Grund
Grundl,Erhard,Bündnis 90/Die Grünen,"






  Bayern

",Straubing,231,Wahlkreis 231: Straubing,Erhard_Grundl,Erhard Grundl
Grundmann,Oliver,CDU/CSU,"






  Niedersachsen

",Stade I – Rotenburg II,30,Wahlkreis 030: Stade I – Rotenburg II,,Oliver Grundmann
Güntzler,Fritz,CDU/CSU,"






  Niedersachsen

",Göttingen,53,Wahlkreis 053: Göttingen,FGuentzler,Fritz Guntzler
Gutting,Olav,CDU/CSU,"






  Baden-Württemberg

",Bruchsal – Schwetzingen,278,Wahlkreis 278: Bruchsal – Schwetzingen,olavgutting,Olav Gutting
Gysi,Dr. Gregor,Die Linke,"






  Berlin

",Berlin-Treptow-Köpenick,84,Wahlkreis 084: Berlin-Treptow-Köpenick,GregorGysi,Gregor Gysi
Haase,Christian,CDU/CSU,"






  Nordrhein-Westfalen

",Höxter – Lippe II,136,Wahlkreis 136: Höxter – Lippe II,ChristianHaase6,Christian Haase
Hacker,Thomas,FDP,"






  Bayern

",Bayreuth,237,Wahlkreis 237: Bayreuth,,Thomas Hacker
Hänsel,Heike,Die Linke,"






  Baden-Württemberg

",Tübingen,290,Wahlkreis 290: Tübingen,HeikeHaensel,Heike Hansel
Hagedorn,Bettina,SPD,"






  Schleswig-Holstein

",Ostholstein – Stormarn-Nord,9,Wahlkreis 009: Ostholstein – Stormarn-Nord,,Bettina Hagedorn
Hagl-Kehl,Rita,SPD,"






  Bayern

",Deggendorf,227,Wahlkreis 227: Deggendorf,RitaHaglKehl,Rita Hagl-Kehl
Hahn,Dr. André,Die Linke,"






  Sachsen

",Sächsische Schweiz-Osterzgebirge,158,Wahlkreis 158: Sächsische Schweiz-Osterzgebirge,,Andre Hahn
Hahn,Florian,CDU/CSU,"






  Bayern

",München-Land,221,Wahlkreis 221: München-Land,hahnflo,Florian Hahn
Hajduk,Anja,Bündnis 90/Die Grünen,"






  Hamburg

",Hamburg-Nord,21,Wahlkreis 021: Hamburg-Nord,HajdukBundestag,Anja Hajduk
Hakverdi,Metin,SPD,"






  Hamburg

",Hamburg-Bergedorf – Harburg,23,Wahlkreis 023: Hamburg-Bergedorf – Harburg,MetinHakverdi,Metin Hakverdi
Hampel,Armin-Paulus,AfD,"






  Niedersachsen

",Hameln-Pyrmont – Holzminden,46,Wahlkreis 046: Hameln-Pyrmont – Holzminden,,Armin-Paulus Hampel
Hanke,Reginald,FDP,"






  Thüringen

",Saalfeld-Rudolstadt – Saale-Holzland-Kreis – Saale-Orla-Kreis,195,Wahlkreis 195: Saalfeld-Rudolstadt – Saale-Holzland-Kreis – Saale-Orla-Kreis,,Reginald Hanke
Harbarth,Dr. Stephan,CDU/CSU  *,"






  Baden-Württemberg

",Rhein-Neckar,277,Wahlkreis 277: Rhein-Neckar,,Stephan Harbarth
Harder-Kühnel,Mariana Iris,AfD,"






  Hessen

",Main-Kinzig – Wetterau II – Schotten,175,Wahlkreis 175: Main-Kinzig – Wetterau II – Schotten,M_HarderKuehnel,Mariana Harder-Kuhnel
Hardt,Jürgen,CDU/CSU,"






  Nordrhein-Westfalen

",Solingen – Remscheid – Wuppertal II,103,Wahlkreis 103: Solingen – Remscheid – Wuppertal II,juergenhardt,Jurgen Hardt
Hartmann,Sebastian,SPD,"






  Nordrhein-Westfalen

",Rhein-Sieg-Kreis I,97,Wahlkreis 097: Rhein-Sieg-Kreis I,sebast_hartmann,Sebastian Hartmann
Hartmann,Verena,fraktionslos,Sachsen,,,n.a.,,Verena Hartmann
Hartwig,Dr. Roland,AfD,"






  Nordrhein-Westfalen

",Rheinisch-Bergischer Kreis,100,Wahlkreis 100: Rheinisch-Bergischer Kreis,R_Hartwig_AfD,Roland Hartwig
Haßelmann,Britta,Bündnis 90/Die Grünen,"






  Nordrhein-Westfalen

",Bielefeld – Gütersloh II,132,Wahlkreis 132: Bielefeld – Gütersloh II,BriHasselmann,Britta Hasselmann
Hauer,Matthias,CDU/CSU,"






  Nordrhein-Westfalen

",Essen III,120,Wahlkreis 120: Essen III,MatthiasHauer,Matthias Hauer
Haug,Jochen,AfD,"






  Nordrhein-Westfalen

",Köln II,94,Wahlkreis 094: Köln II,Jochen_Haug,Jochen Haug
Hauptmann,Mark,CDU/CSU,"






  Thüringen

",Suhl – Schmalkalden-Meiningen – Hildburghausen – Sonneberg,196,Wahlkreis 196: Suhl – Schmalkalden-Meiningen – Hildburghausen – Sonneberg,MarkHauptmann,Mark Hauptmann
Hebner,Martin,AfD,"






  Bayern

",Starnberg – Landsberg am Lech,224,Wahlkreis 224: Starnberg – Landsberg am Lech,,Martin Hebner
Heidenblut,Dirk,SPD,"






  Nordrhein-Westfalen

",Essen II,119,Wahlkreis 119: Essen II,DHeidenblut,Dirk Heidenblut
Heider,Dr. Matthias,CDU/CSU,"






  Nordrhein-Westfalen

",Olpe – Märkischer Kreis I,149,Wahlkreis 149: Olpe – Märkischer Kreis I,MatthiasHeider,Matthias Heider
Heidt,Peter,FDP,"






  Hessen

",Wetterau I,177,Wahlkreis 177: Wetterau I,PeterHeidtFDP,Peter Heidt
Heil (Peine),Hubertus,SPD,"






  Niedersachsen

",Gifhorn – Peine,45,Wahlkreis 045: Gifhorn – Peine,hubertus_heil,Hubertus Heil
Heil,Mechthild,CDU/CSU,"






  Rheinland-Pfalz

",Ahrweiler,198,Wahlkreis 198: Ahrweiler,mechthildheil,Mechthild Heil
Heilmann,Thomas,CDU/CSU,"






  Berlin

",Berlin-Steglitz-Zehlendorf,79,Wahlkreis 079: Berlin-Steglitz-Zehlendorf,ThomasHeilmann,Thomas Heilmann
Heinrich (Chemnitz),Frank,CDU/CSU,"






  Sachsen

",Chemnitz,162,Wahlkreis 162: Chemnitz,frankheinrich,Frank Heinrich
Heinrich,Gabriela,SPD,"






  Bayern

",Nürnberg-Nord,244,Wahlkreis 244: Nürnberg-Nord,gaheinrich,Gabriela Heinrich
Held,Marcus,SPD,"






  Rheinland-Pfalz

",Worms,206,Wahlkreis 206: Worms,MarcusHeld_SPD,Marcus Held
Helfrich,Mark,CDU/CSU,"






  Schleswig-Holstein

",Steinburg – Dithmarschen Süd,3,Wahlkreis 003: Steinburg – Dithmarschen Süd,,Mark Helfrich
Helling-Plahr,Katrin,FDP,"






  Nordrhein-Westfalen

",Hagen – Ennepe-Ruhr-Kreis I,138,Wahlkreis 138: Hagen – Ennepe-Ruhr-Kreis I,KatrinHelling,Katrin Helling-Plahr
Hellmich,Wolfgang,SPD,"






  Nordrhein-Westfalen

",Soest,146,Wahlkreis 146: Soest,HellmichMdB,Wolfgang Hellmich
Hemmelgarn,Udo Theodor,AfD,"






  Nordrhein-Westfalen

",Gütersloh I,131,Wahlkreis 131: Gütersloh I,UdoHemmelgarn,Udo Hemmelgarn
Hendricks,Dr. Barbara,SPD,"






  Nordrhein-Westfalen

",Kleve,112,Wahlkreis 112: Kleve,,Barbara Hendricks
Henke,Rudolf,CDU/CSU,"






  Nordrhein-Westfalen

",Aachen I,87,Wahlkreis 087: Aachen I,,Rudolf Henke
Hennrich,Michael,CDU/CSU,"






  Baden-Württemberg

",Nürtingen,262,Wahlkreis 262: Nürtingen,,Michael Hennrich
Henrichmann,Marc,CDU/CSU,"






  Nordrhein-Westfalen

",Coesfeld – Steinfurt II,127,Wahlkreis 127: Coesfeld – Steinfurt II,MarcHenrichmann,Marc Henrichmann
Herbrand,Markus,FDP,"






  Nordrhein-Westfalen

",Euskirchen – Rhein-Erft-Kreis II,92,Wahlkreis 092: Euskirchen – Rhein-Erft-Kreis II,,Markus Herbrand
Herbst,Torsten,FDP,"






  Sachsen

",Bautzen I,156,Wahlkreis 156: Bautzen I,torstenherbst,Torsten Herbst
Herdt,Waldemar,AfD,"






  Niedersachsen

",Osnabrück-Land,38,Wahlkreis 038: Osnabrück-Land,WaldemarHerdt,Waldemar Herdt
Herrmann,Lars,fraktionslos,"






  Sachsen

",Leipzig-Land,154,Wahlkreis 154: Leipzig-Land,,Lars Herrmann
Herzog,Gustav,SPD,"






  Rheinland-Pfalz

",Kaiserslautern,209,Wahlkreis 209: Kaiserslautern,,Gustav Herzog
Hess,Martin,AfD,"






  Baden-Württemberg

",Ludwigsburg,265,Wahlkreis 265: Ludwigsburg,Martin_Hess_AfD,Martin Hess
Hessel,Katja,FDP,"






  Bayern

",Nürnberg-Nord,244,Wahlkreis 244: Nürnberg-Nord,,Katja Hessel
Heßenkemper,Prof. Dr. Heiko,AfD,"






  Sachsen

",Mittelsachsen,161,Wahlkreis 161: Mittelsachsen,,Heiko Hessenkemper
Heveling,Ansgar,CDU/CSU,"






  Nordrhein-Westfalen

",Krefeld I – Neuss II,110,Wahlkreis 110: Krefeld I – Neuss II,,Ansgar Heveling
Hiller-Ohm,Gabriele,SPD,"






  Schleswig-Holstein

",Lübeck,11,Wahlkreis 011: Lübeck,GabiHillerOhm,Gabriele Hiller-Ohm
Hilse,Karsten,AfD,"






  Sachsen

",Bautzen I,156,Wahlkreis 156: Bautzen I,HilseMdb,Karsten Hilse
Hirte,Christian,CDU/CSU,"






  Thüringen

",Eisenach – Wartburgkreis – Unstrut-Hainich-Kreis,190,Wahlkreis 190: Eisenach – Wartburgkreis – Unstrut-Hainich-Kreis,christianhirte,Christian Hirte
Hirte,Prof. Dr. Heribert,CDU/CSU,"






  Nordrhein-Westfalen

",Köln II,94,Wahlkreis 094: Köln II,HHirte,Heribert Hirte
Hitschler,Thomas,SPD,"






  Rheinland-Pfalz

",Südpfalz,211,Wahlkreis 211: Südpfalz,thomashitschler,Thomas Hitschler
Hocker,Dr. Gero Clemens,FDP,"






  Niedersachsen

",Osterholz – Verden,34,Wahlkreis 034: Osterholz – Verden,,Gero Hocker
Höchst,Nicole,AfD,"






  Rheinland-Pfalz

",Kreuznach,201,Wahlkreis 201: Kreuznach,Nicole_Hoechst,Nicole Hochst
Höferlin,Manuel,FDP,"






  Rheinland-Pfalz

",Worms,206,Wahlkreis 206: Worms,ManuelHoeferlin,Manuel Hoferlin
Högl,Dr. Eva,SPD  *,"






  Berlin

",Berlin-Mitte,75,Wahlkreis 075: Berlin-Mitte,,Eva Hogl
Höhn,Matthias,Die Linke,"






  Sachsen-Anhalt

",Altmark,66,Wahlkreis 066: Altmark,matthiashoehn,Matthias Hohn
Hoffmann,Alexander,CDU/CSU,"






  Bayern

",Main-Spessart,249,Wahlkreis 249: Main-Spessart,,Alexander Hoffmann
Hoffmann,Dr. Bettina,Bündnis 90/Die Grünen,"






  Hessen

",Schwalm-Eder,170,Wahlkreis 170: Schwalm-Eder,bhoffmann_mdb,Bettina Hoffmann
Hoffmann,Dr. Christoph,FDP,"






  Baden-Württemberg

",Lörrach – Müllheim,282,Wahlkreis 282: Lörrach – Müllheim,HoffmannForest,Christoph Hoffmann
Hofreiter,Dr. Anton,Bündnis 90/Die Grünen,"






  Bayern

",München-Land,221,Wahlkreis 221: München-Land,,Anton Hofreiter
Hohmann,Martin,AfD,"






  Hessen

",Fulda,174,Wahlkreis 174: Fulda,HohmannMdb,Martin Hohmann
Hollnagel,Dr. Bruno,AfD,"






  Schleswig-Holstein

",Herzogtum Lauenburg – Stormarn-Süd,10,Wahlkreis 010: Herzogtum Lauenburg – Stormarn-Süd,DrHollnagel,Bruno Hollnagel
Holm,Leif-Erik,AfD,"






  Mecklenburg-Vorpommern

",Vorpommern-Rügen – Vorpommern-Greifswald I,15,Wahlkreis 015: Vorpommern-Rügen – Vorpommern-Greifswald I,Leif_Erik_Holm,Leif-Erik Holm
Holmeier,Karl,CDU/CSU,"






  Bayern

",Schwandorf,234,Wahlkreis 234: Schwandorf,,Karl Holmeier
Holtz,Ottmar von,Bündnis 90/Die Grünen,"






  Niedersachsen

",Hildesheim,48,Wahlkreis 048: Hildesheim,owvonholtz,Ottmar Holtz
Hoppenstedt,Dr. Hendrik,CDU/CSU,"






  Niedersachsen

",Hannover-Land I,43,Wahlkreis 043: Hannover-Land I,,Hendrik Hoppenstedt
Houben,Reinhard,FDP,"






  Nordrhein-Westfalen

",Köln I,93,Wahlkreis 093: Köln I,,Reinhard Houben
Huber,Johannes,AfD,"






  Bayern

",Freising,214,Wahlkreis 214: Freising,HuberMdB,Johannes Huber
Hunko,Andrej,Die Linke,"






  Nordrhein-Westfalen

",Aachen I,87,Wahlkreis 087: Aachen I,AndrejHunko,Andrej Hunko
Ihnen,Ulla,FDP,"






  Niedersachsen

",Stadt Hannover II,42,Wahlkreis 042: Stadt Hannover II,,Ulla Ihnen
in der Beek,Olaf,FDP,"






  Nordrhein-Westfalen

",Bochum I,140,Wahlkreis 140: Bochum I,,Olaf in
Irlstorfer,Erich,CDU/CSU,"






  Bayern

",Freising,214,Wahlkreis 214: Freising,,Erich Irlstorfer
Irmer,Hans-Jürgen,CDU/CSU,"






  Hessen

",Lahn-Dill,172,Wahlkreis 172: Lahn-Dill,,Hans-Jurgen Irmer
Jacobi,Fabian,AfD,"






  Nordrhein-Westfalen

",Köln I,93,Wahlkreis 093: Köln I,Jacobi_AfD,Fabian Jacobi
Janecek,Dieter,Bündnis 90/Die Grünen,"






  Bayern

",München-West/Mitte,220,Wahlkreis 220: München-West/Mitte,DJanecek,Dieter Janecek
Jarzombek,Thomas,CDU/CSU,"






  Nordrhein-Westfalen

",Düsseldorf I,106,Wahlkreis 106: Düsseldorf I,tj_tweets,Thomas Jarzombek
Jelpke,Ulla,Die Linke,"






  Nordrhein-Westfalen

",Dortmund I,142,Wahlkreis 142: Dortmund I,UllaJelpke,Ulla Jelpke
Jensen,Gyde,FDP,Schleswig-Holstein,,,n.a.,gydej,Gyde Jensen
Jongen,Dr. Marc,AfD,"






  Baden-Württemberg

",Neckar-Zaber,266,Wahlkreis 266: Neckar-Zaber,Marc_Jongen,Marc Jongen
Jung,Andreas,CDU/CSU,"






  Baden-Württemberg

",Konstanz,287,Wahlkreis 287: Konstanz,,Andreas Jung
Jung,Dr. Christian,FDP,"






  Baden-Württemberg

",Karlsruhe-Land,272,Wahlkreis 272: Karlsruhe-Land,,Christian Jung
Jung,Ingmar,CDU/CSU,"






  Hessen

",Wiesbaden,179,Wahlkreis 179: Wiesbaden,Ingmar_Jung,Ingmar Jung
Junge,Frank,SPD,"






  Mecklenburg-Vorpommern

",Ludwigslust-Parchim II – Nordwestmecklenburg II – Landkreis Rostock I,13,Wahlkreis 013: Ludwigslust-Parchim II – Nordwestmecklenburg II – Landkreis Rostock I,fjunge,Frank Junge
Juratovic,Josip,SPD,"






  Baden-Württemberg

",Heilbronn,267,Wahlkreis 267: Heilbronn,josip_juratovic,Josip Juratovic
Jurk,Thomas,SPD,"






  Sachsen

",Görlitz,157,Wahlkreis 157: Görlitz,,Thomas Jurk
Kaczmarek,Oliver,SPD,"






  Nordrhein-Westfalen

",Unna I,144,Wahlkreis 144: Unna I,KaczmarekOliver,Oliver Kaczmarek
Kahrs,Johannes,SPD  *,"






  Hamburg

",Hamburg-Mitte,18,Wahlkreis 018: Hamburg-Mitte,,Johannes Kahrs
Kaiser,Elisabeth,SPD,"






  Thüringen

",Gera – Greiz – Altenburger Land,194,Wahlkreis 194: Gera – Greiz – Altenburger Land,Kaiser_SPD,Elisabeth Kaiser
Kamann,Uwe,fraktionslos,"






  Nordrhein-Westfalen

",Oberhausen – Wesel III,117,Wahlkreis 117: Oberhausen – Wesel III,uwe_kamann,Uwe Kamann
Kappert-Gonther,Dr. Kirsten,Bündnis 90/Die Grünen,"






  Bremen

",Bremen I,54,Wahlkreis 054: Bremen I,KirstenKappert,Kirsten Kappert-Gonther
Kapschack,Ralf,SPD,"






  Nordrhein-Westfalen

",Ennepe-Ruhr-Kreis II,139,Wahlkreis 139: Ennepe-Ruhr-Kreis II,,Ralf Kapschack
Karl,Alois,CDU/CSU,"






  Bayern

",Amberg,232,Wahlkreis 232: Amberg,,Alois Karl
Karliczek,Anja,CDU/CSU,"






  Nordrhein-Westfalen

",Steinfurt III,128,Wahlkreis 128: Steinfurt III,AnjaKarliczek,Anja Karliczek
Kartes,Torbjörn,CDU/CSU,"






  Rheinland-Pfalz

",Ludwigshafen/Frankenthal,207,Wahlkreis 207: Ludwigshafen/Frankenthal,KartesMdB,Torbjorn Kartes
Kassner,Kerstin,Die Linke,"






  Mecklenburg-Vorpommern

",Vorpommern-Rügen – Vorpommern-Greifswald I,15,Wahlkreis 015: Vorpommern-Rügen – Vorpommern-Greifswald I,,Kerstin Kassner
Katzmarek,Gabriele,SPD,"






  Baden-Württemberg

",Rastatt,273,Wahlkreis 273: Rastatt,gabykatzmarek,Gabriele Katzmarek
Kauder,Volker,CDU/CSU,"






  Baden-Württemberg

",Rottweil – Tuttlingen,285,Wahlkreis 285: Rottweil – Tuttlingen,,Volker Kauder
Kaufmann,Dr. Stefan,CDU/CSU,"






  Baden-Württemberg

",Stuttgart I,258,Wahlkreis 258: Stuttgart I,StefanKaufmann,Stefan Kaufmann
Kekeritz,Uwe,Bündnis 90/Die Grünen,"






  Bayern

",Fürth,243,Wahlkreis 243: Fürth,Uwekekeritz,Uwe Kekeritz
Kelber,Ulrich,SPD  *,"






  Nordrhein-Westfalen

",Bonn,96,Wahlkreis 096: Bonn,,Ulrich Kelber
Kemmer,Ronja,CDU/CSU,"






  Baden-Württemberg

",Ulm,291,Wahlkreis 291: Ulm,RonjaKemmer,Ronja Kemmer
Kemmerich,Thomas L.,FDP  *,"






  Thüringen

",Erfurt – Weimar – Weimarer Land II,193,Wahlkreis 193: Erfurt – Weimar – Weimarer Land II,,Thomas Kemmerich
Kessler,Dr. Achim,Die Linke,"






  Hessen

",Frankfurt am Main I,182,Wahlkreis 182: Frankfurt am Main I,AchimKessler,Achim Kessler
Kestner,Jens,AfD,"






  Niedersachsen

",Goslar – Northeim – Osterode,52,Wahlkreis 052: Goslar – Northeim – Osterode,KestnerJens,Jens Kestner
Keul,Katja,Bündnis 90/Die Grünen,"






  Niedersachsen

",Nienburg II – Schaumburg,40,Wahlkreis 040: Nienburg II – Schaumburg,KatjaKeul,Katja Keul
Keuter,Stefan,AfD,"






  Nordrhein-Westfalen

",Essen III,120,Wahlkreis 120: Essen III,StefanKeuterAfD,Stefan Keuter
Kiesewetter,Roderich,CDU/CSU,"






  Baden-Württemberg

",Aalen – Heidenheim,270,Wahlkreis 270: Aalen – Heidenheim,RKiesewetter,Roderich Kiesewetter
Kießling,Michael,CDU/CSU,"






  Bayern

",Starnberg – Landsberg am Lech,224,Wahlkreis 224: Starnberg – Landsberg am Lech,Kiessling_MdB,Michael Kiessling
Kindler,Sven-Christian,Bündnis 90/Die Grünen,"






  Niedersachsen

",Stadt Hannover II,42,Wahlkreis 042: Stadt Hannover II,sven_kindler,Sven-Christian Kindler
Kippels,Dr. Georg,CDU/CSU,"






  Nordrhein-Westfalen

",Rhein-Erft-Kreis I,91,Wahlkreis 091: Rhein-Erft-Kreis I,,Georg Kippels
Kipping,Katja,Die Linke,"






  Sachsen

",Dresden I,159,Wahlkreis 159: Dresden I,katjakipping,Katja Kipping
Kiziltepe,Cansel,SPD,"






  Berlin

",Berlin-Friedrichshain-Kreuzberg – Prenzlauer Berg Ost,83,Wahlkreis 083: Berlin-Friedrichshain-Kreuzberg – Prenzlauer Berg Ost,CanselK,Cansel Kiziltepe
Klare,Arno,SPD,"






  Nordrhein-Westfalen

",Mülheim – Essen I,118,Wahlkreis 118: Mülheim – Essen I,arnoklare,Arno Klare
Klein,Karsten,FDP,"






  Bayern

",Aschaffenburg,247,Wahlkreis 247: Aschaffenburg,,Karsten Klein
Klein,Volkmar,CDU/CSU,"






  Nordrhein-Westfalen

",Siegen-Wittgenstein,148,Wahlkreis 148: Siegen-Wittgenstein,VolkmarKlein,Volkmar Klein
Klein-Schmeink,Maria,Bündnis 90/Die Grünen,"






  Nordrhein-Westfalen

",Münster,129,Wahlkreis 129: Münster,MariaKlSchmeink,Maria Klein-Schmeink
Kleinwächter,Norbert,AfD,Brandenburg,,,n.a.,NKleinwaechter,Norbert Kleinwachter
Klingbeil,Lars,SPD,"






  Niedersachsen

",Rotenburg I – Heidekreis,35,Wahlkreis 035: Rotenburg I – Heidekreis,larsklingbeil,Lars Klingbeil
Klinge,Dr. Marcel,FDP,"






  Baden-Württemberg

",Schwarzwald-Baar,286,Wahlkreis 286: Schwarzwald-Baar,,Marcel Klinge
Kluckert,Daniela,FDP,"






  Berlin

",Berlin-Pankow,76,Wahlkreis 076: Berlin-Pankow,DanielaKluckert,Daniela Kluckert
Knoerig,Axel,CDU/CSU,"






  Niedersachsen

",Diepholz – Nienburg I,33,Wahlkreis 033: Diepholz – Nienburg I,axel_knoerig,Axel Knoerig
Kober,Pascal,FDP,"






  Baden-Württemberg

",Reutlingen,289,Wahlkreis 289: Reutlingen,pascalkober,Pascal Kober
Köhler,Dr. Lukas,FDP,"






  Bayern

",München-West/Mitte,220,Wahlkreis 220: München-West/Mitte,,Lukas Kohler
König,Jörn,AfD,"






  Niedersachsen

",Stadt Hannover I,41,Wahlkreis 041: Stadt Hannover I,JoernKoenigAfD,Jorn Konig
Koeppen,Jens,CDU/CSU,"






  Brandenburg

",Uckermark – Barnim I,57,Wahlkreis 057: Uckermark – Barnim I,jenskoeppen,Jens Koeppen
Körber,Carsten,CDU/CSU,"






  Sachsen

",Zwickau,165,Wahlkreis 165: Zwickau,,Carsten Korber
Kofler,Dr. Bärbel,SPD,"






  Bayern

",Traunstein,225,Wahlkreis 225: Traunstein,baerbelkofler,Barbel Kofler
Kolbe,Daniela,SPD,"






  Sachsen

",Leipzig I,152,Wahlkreis 152: Leipzig I,danielakolbe,Daniela Kolbe
Komning,Enrico,AfD,"






  Mecklenburg-Vorpommern

",Mecklenburgische Seenplatte I – Vorpommern-Greifswald II,16,Wahlkreis 016: Mecklenburgische Seenplatte I – Vorpommern-Greifswald II,EnricoKomning,Enrico Komning
Konrad,Carina,FDP,"






  Rheinland-Pfalz

",Mosel/Rhein-Hunsrück,200,Wahlkreis 200: Mosel/Rhein-Hunsrück,carina_konrad,Carina Konrad
Koob,Markus,CDU/CSU,"






  Hessen

",Hochtaunus,176,Wahlkreis 176: Hochtaunus,koobmar,Markus Koob
Korkmaz-Emre,Elvan,SPD,"






  Nordrhein-Westfalen

",Gütersloh I,131,Wahlkreis 131: Gütersloh I,korkmazgt,Elvan Korkmaz-Emre
Korte,Jan,Die Linke,"






  Sachsen-Anhalt

",Anhalt,71,Wahlkreis 071: Anhalt,jankortemdb,Jan Korte
Kotré,Steffen,AfD,Brandenburg,,,n.a.,steffenkotre,Steffen Kotre
Kotting-Uhl,Sylvia,Bündnis 90/Die Grünen,"






  Baden-Württemberg

",Karlsruhe-Stadt,271,Wahlkreis 271: Karlsruhe-Stadt,BabettesChefin,Sylvia Kotting-Uhl
Kraft,Dr. Rainer,AfD,"






  Bayern

",Augsburg-Land,253,Wahlkreis 253: Augsburg-Land,Dr_Rainer_Kraft,Rainer Kraft
Kramme,Anette,SPD,"






  Bayern

",Bayreuth,237,Wahlkreis 237: Bayreuth,,Anette Kramme
Krauß,Alexander,CDU/CSU,"






  Sachsen

",Erzgebirgskreis I,164,Wahlkreis 164: Erzgebirgskreis I,,Alexander Krauss
Krellmann,Jutta,Die Linke,"






  Niedersachsen

",Hameln-Pyrmont – Holzminden,46,Wahlkreis 046: Hameln-Pyrmont – Holzminden,JuttaKrellmann,Jutta Krellmann
Krichbaum,Gunther,CDU/CSU,"






  Baden-Württemberg

",Pforzheim,279,Wahlkreis 279: Pforzheim,,Gunther Krichbaum
Krings,Dr. Günter,CDU/CSU,"






  Nordrhein-Westfalen

",Mönchengladbach,109,Wahlkreis 109: Mönchengladbach,guenterkrings,Gunter Krings
Krischer,Oliver,Bündnis 90/Die Grünen,"






  Nordrhein-Westfalen

",Düren,90,Wahlkreis 090: Düren,Oliver_Krischer,Oliver Krischer
Kruse,Rüdiger,CDU/CSU,"






  Hamburg

",Hamburg-Eimsbüttel,20,Wahlkreis 020: Hamburg-Eimsbüttel,ruedigerkruse,Rudiger Kruse
Kubicki,Wolfgang,FDP,"






  Schleswig-Holstein

",Steinburg – Dithmarschen Süd,3,Wahlkreis 003: Steinburg – Dithmarschen Süd,,Wolfgang Kubicki
Kühn (Tübingen),Christian,Bündnis 90/Die Grünen,"






  Baden-Württemberg

",Tübingen,290,Wahlkreis 290: Tübingen,ChrisKuehn_mdb,Christian Kuhn
Kühn (Dresden),Stephan,Bündnis 90/Die Grünen  *,"






  Sachsen

",Dresden II – Bautzen II,160,Wahlkreis 160: Dresden II – Bautzen II,,Stephan Kuhn
Kühne,Dr. Roy,CDU/CSU,"






  Niedersachsen

",Goslar – Northeim – Osterode,52,Wahlkreis 052: Goslar – Northeim – Osterode,dr_roy_kuehne,Roy Kuhne
Künast,Renate,Bündnis 90/Die Grünen,"






  Berlin

",Berlin-Tempelhof-Schöneberg,81,Wahlkreis 081: Berlin-Tempelhof-Schöneberg,renatekuenast,Renate Kunast
Kuffer,Michael,CDU/CSU,"






  Bayern

",München-Süd,219,Wahlkreis 219: München-Süd,MichaelKuffer,Michael Kuffer
Kuhle,Konstantin,FDP,"






  Niedersachsen

",Göttingen,53,Wahlkreis 053: Göttingen,konstantinkuhle,Konstantin Kuhle
Kulitz,Alexander,FDP,"






  Baden-Württemberg

",Ulm,291,Wahlkreis 291: Ulm,,Alexander Kulitz
Kurth,Markus,Bündnis 90/Die Grünen,"






  Nordrhein-Westfalen

",Dortmund I,142,Wahlkreis 142: Dortmund I,markuskurthmdb,Markus Kurth
Lämmel,Andreas G.,CDU/CSU,"






  Sachsen

",Dresden I,159,Wahlkreis 159: Dresden I,,Andreas Lammel
Lambrecht,Christine,SPD,"






  Hessen

",Bergstraße,188,Wahlkreis 188: Bergstraße,,Christine Lambrecht
Lambsdorff,Alexander Graf,FDP,"






  Nordrhein-Westfalen

",Bonn,96,Wahlkreis 096: Bonn,,Alexander Lambsdorff
Lamers,Prof. h. c. Dr. Karl A.,CDU/CSU,"






  Baden-Württemberg

",Heidelberg,274,Wahlkreis 274: Heidelberg,,Karl Lamers
Landgraf,Katharina,CDU/CSU,"






  Sachsen

",Leipzig-Land,154,Wahlkreis 154: Leipzig-Land,,Katharina Landgraf
Lange (Backnang),Christian,SPD,"






  Baden-Württemberg

",Backnang – Schwäbisch Gmünd,269,Wahlkreis 269: Backnang – Schwäbisch Gmünd,LangeMdB,Christian Lange
Lange,Ulrich,CDU/CSU,"






  Bayern

",Donau-Ries,254,Wahlkreis 254: Donau-Ries,UlrichLange,Ulrich Lange
Launert,Dr. Silke,CDU/CSU,"






  Bayern

",Bayreuth,237,Wahlkreis 237: Bayreuth,DrLaunert,Silke Launert
Lauterbach,Prof. Dr. Karl,SPD,"






  Nordrhein-Westfalen

",Leverkusen – Köln IV,101,Wahlkreis 101: Leverkusen – Köln IV,karl_lauterbach,Karl Lauterbach
Lay,Caren,Die Linke,"






  Sachsen

",Bautzen I,156,Wahlkreis 156: Bautzen I,CarenLay,Caren Lay
Lazar,Monika,Bündnis 90/Die Grünen,"






  Sachsen

",Leipzig II,153,Wahlkreis 153: Leipzig II,monikalazar,Monika Lazar
Lechte,Ulrich,FDP,"






  Bayern

",Regensburg,233,Wahlkreis 233: Regensburg,,Ulrich Lechte
Lehmann,Jens,CDU/CSU,"






  Sachsen

",Leipzig I,152,Wahlkreis 152: Leipzig I,,Jens Lehmann
Lehmann,Sven,Bündnis 90/Die Grünen,"






  Nordrhein-Westfalen

",Köln II,94,Wahlkreis 094: Köln II,svenlehmann,Sven Lehmann
Lehmann,Sylvia,SPD,"






  Brandenburg

",Dahme-Spreewald – Teltow-Fläming III – Oberspreewald-Lausitz I,62,Wahlkreis 062: Dahme-Spreewald – Teltow-Fläming III – Oberspreewald-Lausitz I,,Sylvia Lehmann
Lehrieder,Paul,CDU/CSU,"






  Bayern

",Würzburg,251,Wahlkreis 251: Würzburg,,Paul Lehrieder
Leidig,Sabine,Die Linke,"






  Hessen

",Werra-Meißner – Hersfeld-Rotenburg,169,Wahlkreis 169: Werra-Meißner – Hersfeld-Rotenburg,sabineleidig,Sabine Leidig
Leikert,Dr. Katja,CDU/CSU,"






  Hessen

",Hanau,180,Wahlkreis 180: Hanau,kleikert,Katja Leikert
Lemke,Steffi,Bündnis 90/Die Grünen,"






  Sachsen-Anhalt

",Dessau – Wittenberg,70,Wahlkreis 070: Dessau – Wittenberg,steffilemke,Steffi Lemke
Lenkert,Ralph,Die Linke,"






  Thüringen

",Jena – Sömmerda – Weimarer Land I,191,Wahlkreis 191: Jena – Sömmerda – Weimarer Land I,,Ralph Lenkert
Lenz,Dr. Andreas,CDU/CSU,"






  Bayern

",Erding – Ebersberg,213,Wahlkreis 213: Erding – Ebersberg,DerLenzMdB,Andreas Lenz
Leutert,Michael,Die Linke,"






  Sachsen

",Chemnitz,162,Wahlkreis 162: Chemnitz,MichaelLeutert,Michael Leutert
Leyen,Dr. Ursula von der,CDU/CSU  *,"






  Niedersachsen

",Stadt Hannover II,42,Wahlkreis 042: Stadt Hannover II,,Ursula Leyen
Lezius,Antje,CDU/CSU,"






  Rheinland-Pfalz

",Kreuznach,201,Wahlkreis 201: Kreuznach,,Antje Lezius
Liebich,Stefan,Die Linke,"






  Berlin

",Berlin-Pankow,76,Wahlkreis 076: Berlin-Pankow,berlinliebich,Stefan Liebich
Lindh,Helge,SPD,"






  Nordrhein-Westfalen

",Wuppertal I,102,Wahlkreis 102: Wuppertal I,helgelindh,Helge Lindh
Lindholz,Andrea,CDU/CSU,"






  Bayern

",Aschaffenburg,247,Wahlkreis 247: Aschaffenburg,AndreaLindholz,Andrea Lindholz
Lindner,Christian,FDP,"






  Nordrhein-Westfalen

",Rheinisch-Bergischer Kreis,100,Wahlkreis 100: Rheinisch-Bergischer Kreis,,Christian Lindner
Lindner,Dr. Tobias,Bündnis 90/Die Grünen,"






  Rheinland-Pfalz

",Südpfalz,211,Wahlkreis 211: Südpfalz,tobiaslindner,Tobias Lindner
Link,Michael Georg,FDP,"






  Baden-Württemberg

",Heilbronn,267,Wahlkreis 267: Heilbronn,michael_g_link,Michael Link
Linnemann,Dr. Carsten,CDU/CSU,"






  Nordrhein-Westfalen

",Paderborn – Gütersloh III,137,Wahlkreis 137: Paderborn – Gütersloh III,,Carsten Linnemann
Lips,Patricia,CDU/CSU,"






  Hessen

",Odenwald,187,Wahlkreis 187: Odenwald,,Patricia Lips
Lischka,Burkhard,SPD  *,Sachsen-Anhalt,,,n.a.,,Burkhard Lischka
Löbel,Nikolas,CDU/CSU,"






  Baden-Württemberg

",Mannheim,275,Wahlkreis 275: Mannheim,NikolasLoebel,Nikolas Lobel
Lötzsch,Dr. Gesine,Die Linke,"






  Berlin

",Berlin-Lichtenberg,86,Wahlkreis 086: Berlin-Lichtenberg,Team_GLoetzsch,Gesine Lotzsch
Loos,Bernhard,CDU/CSU,"






  Bayern

",München-Nord,217,Wahlkreis 217: München-Nord,,Bernhard Loos
Lotze,Hiltrud,SPD,"






  Niedersachsen

",Lüchow-Dannenberg – Lüneburg,37,Wahlkreis 037: Lüchow-Dannenberg – Lüneburg,HiltrudLotze,Hiltrud Lotze
Lucassen,Rüdiger,AfD,"






  Nordrhein-Westfalen

",Euskirchen – Rhein-Erft-Kreis II,92,Wahlkreis 092: Euskirchen – Rhein-Erft-Kreis II,MdB_Lucassen,Rudiger Lucassen
Luczak,Dr. Jan-Marco,CDU/CSU,"






  Berlin

",Berlin-Tempelhof-Schöneberg,81,Wahlkreis 081: Berlin-Tempelhof-Schöneberg,JM_Luczak,Jan-Marco Luczak
Ludwig,Daniela,CDU/CSU,"






  Bayern

",Rosenheim,222,Wahlkreis 222: Rosenheim,DaniLudwigMdB,Daniela Ludwig
Ludwig,Dr. Saskia,CDU/CSU,"






  Brandenburg

",Potsdam – Potsdam-Mittelmark II – Teltow-Fläming II,61,Wahlkreis 061: Potsdam – Potsdam-Mittelmark II – Teltow-Fläming II,saskialudwig17,Saskia Ludwig
Lühmann,Kirsten,SPD,"






  Niedersachsen

",Celle – Uelzen,44,Wahlkreis 044: Celle – Uelzen,,Kirsten Luhmann
Luksic,Oliver,FDP,"






  Saarland

",St. Wendel,298,Wahlkreis 298: St. Wendel,olliluksic,Oliver Luksic
Lutze,Thomas,Die Linke,Saarland,,,n.a.,thlutze,Thomas Lutze
Maag,Karin,CDU/CSU,"






  Baden-Württemberg

",Stuttgart II,259,Wahlkreis 259: Stuttgart II,MaagKarin,Karin Maag
Maas,Heiko,SPD,"






  Saarland

",Saarlouis,297,Wahlkreis 297: Saarlouis,HeikoMaas,Heiko Maas
Mackensen,Isabel,SPD,"






  Rheinland-Pfalz

",Neustadt – Speyer,208,Wahlkreis 208: Neustadt – Speyer,IsabelMackensen,Isabel Mackensen
Magnitz,Frank,AfD,"






  Bremen

",Bremen II – Bremerhaven,55,Wahlkreis 055: Bremen II – Bremerhaven,Frank_Magnitz,Frank Magnitz
Magwas,Yvonne,CDU/CSU,"






  Sachsen

",Vogtlandkreis,166,Wahlkreis 166: Vogtlandkreis,YvonneMagwas,Yvonne Magwas
Maier,Jens,AfD,"






  Sachsen

",Dresden I,159,Wahlkreis 159: Dresden I,JensMaierAfD,Jens Maier
Maier,Prof. Dr. Lothar,AfD,"






  Baden-Württemberg

",Stuttgart II,259,Wahlkreis 259: Stuttgart II,ProfMaier,Lothar Maier
Maizière,Dr. Thomas de,CDU/CSU,"






  Sachsen

",Meißen,155,Wahlkreis 155: Meißen,,Thomas Maiziere
Malsack-Winkemann,Dr. Birgit,AfD,Berlin,,,n.a.,MalsackWinkeman,Birgit Malsack-Winkemann
Manderla,Gisela,CDU/CSU,"






  Nordrhein-Westfalen

",Köln III,95,Wahlkreis 095: Köln III,ManderlaGisela,Gisela Manderla
Mannes,Dr. Astrid,CDU/CSU,"






  Hessen

",Darmstadt,186,Wahlkreis 186: Darmstadt,,Astrid Mannes
Mansmann,Till,FDP,"






  Hessen

",Bergstraße,188,Wahlkreis 188: Bergstraße,,Till Mansmann
Marks,Caren,SPD,"






  Niedersachsen

",Hannover-Land I,43,Wahlkreis 043: Hannover-Land I,,Caren Marks
Marschall,Matern von,CDU/CSU,"






  Baden-Württemberg

",Freiburg,281,Wahlkreis 281: Freiburg,,Matern Marschall
Martens,Dr. Jürgen,FDP,"






  Sachsen

",Zwickau,165,Wahlkreis 165: Zwickau,,Jurgen Martens
Martin,Dorothee,SPD,"






  Hamburg

",Hamburg-Nord,21,Wahlkreis 021: Hamburg-Nord,Doro_Martin,Dorothee Martin
Marwitz,Hans-Georg von der,CDU/CSU,"






  Brandenburg

",Märkisch-Oderland – Barnim II,59,Wahlkreis 059: Märkisch-Oderland – Barnim II,,Hans-Georg Marwitz
Mast,Katja,SPD,"






  Baden-Württemberg

",Pforzheim,279,Wahlkreis 279: Pforzheim,KatjaMast,Katja Mast
Matschie,Christoph,SPD,"






  Thüringen

",Jena – Sömmerda – Weimarer Land I,191,Wahlkreis 191: Jena – Sömmerda – Weimarer Land I,matschie,Christoph Matschie
Mattfeldt,Andreas,CDU/CSU,"






  Niedersachsen

",Osterholz – Verden,34,Wahlkreis 034: Osterholz – Verden,AMattfeldt,Andreas Mattfeldt
Mattheis,Hilde,SPD,"






  Baden-Württemberg

",Ulm,291,Wahlkreis 291: Ulm,HildeMattheis,Hilde Mattheis
Mayer (Altötting),Stephan,CDU/CSU,"






  Bayern

",Altötting,212,Wahlkreis 212: Altötting,,Stephan Mayer
Meiser,Pascal,Die Linke,"






  Berlin

",Berlin-Friedrichshain-Kreuzberg – Prenzlauer Berg Ost,83,Wahlkreis 083: Berlin-Friedrichshain-Kreuzberg – Prenzlauer Berg Ost,pascalmeiser,Pascal Meiser
Meister,Dr. Michael,CDU/CSU,"






  Hessen

",Bergstraße,188,Wahlkreis 188: Bergstraße,meister_schafft,Michael Meister
Merkel,Dr. Angela Dorothea,CDU/CSU,"






  Mecklenburg-Vorpommern

",Vorpommern-Rügen – Vorpommern-Greifswald I,15,Wahlkreis 015: Vorpommern-Rügen – Vorpommern-Greifswald I,,Angela Merkel
Metzler,Jan,CDU/CSU,"






  Rheinland-Pfalz

",Worms,206,Wahlkreis 206: Worms,janmetzler,Jan Metzler
Meyer,Christoph,FDP,"






  Berlin

",Berlin-Charlottenburg-Wilmersdorf,80,Wahlkreis 080: Berlin-Charlottenburg-Wilmersdorf,ChristophFDP,Christoph Meyer
Miazga,Corinna,AfD,Bayern,,,n.a.,CorinnaMiazga,Corinna Miazga
Michelbach,Dr. h. c. (Univ Kyiv) Hans,CDU/CSU,"






  Bayern

",Coburg,238,Wahlkreis 238: Coburg,,(Univ Michelbach
Middelberg,Dr. Mathias,CDU/CSU,"






  Niedersachsen

",Stadt Osnabrück,39,Wahlkreis 039: Stadt Osnabrück,,Mathias Middelberg
Miersch,Dr. Matthias,SPD,"






  Niedersachsen

",Hannover-Land II,47,Wahlkreis 047: Hannover-Land II,,Matthias Miersch
Mieruch,Mario,fraktionslos,"






  Nordrhein-Westfalen

",Steinfurt I – Borken I,124,Wahlkreis 124: Steinfurt I – Borken I,,Mario Mieruch
Mihalic,Dr. Irene,Bündnis 90/Die Grünen,"






  Nordrhein-Westfalen

",Gelsenkirchen,123,Wahlkreis 123: Gelsenkirchen,IreneMihalic,Irene Mihalic
Mindrup,Klaus,SPD,"






  Berlin

",Berlin-Pankow,76,Wahlkreis 076: Berlin-Pankow,klausmindrup,Klaus Mindrup
Mittag,Susanne,SPD,"






  Niedersachsen

",Delmenhorst – Wesermarsch – Oldenburg-Land,28,Wahlkreis 028: Delmenhorst – Wesermarsch – Oldenburg-Land,,Susanne Mittag
Möhring,Cornelia,Die Linke,"






  Schleswig-Holstein

",Pinneberg,7,Wahlkreis 007: Pinneberg,conni_moehring,Cornelia Mohring
Möller,Siemtje,SPD,"






  Niedersachsen

",Friesland – Wilhelmshaven – Wittmund,26,Wahlkreis 026: Friesland – Wilhelmshaven – Wittmund,SiemtjeMoeller,Siemtje Moller
Möring,Karsten,CDU/CSU,"






  Nordrhein-Westfalen

",Köln I,93,Wahlkreis 093: Köln I,karstenmoering,Karsten Moring
Mohamed Ali,Amira,Die Linke,"






  Niedersachsen

",Oldenburg – Ammerland,27,Wahlkreis 027: Oldenburg – Ammerland,,Amira Mohamed
Mohrs,Falko,SPD,"






  Niedersachsen

",Helmstedt – Wolfsburg,51,Wahlkreis 051: Helmstedt – Wolfsburg,falkomohrs,Falko Mohrs
Moll,Claudia,SPD,"






  Nordrhein-Westfalen

",Aachen II,88,Wahlkreis 088: Aachen II,ClaudiaMollMdB,Claudia Moll
Monstadt,Dietrich,CDU/CSU,"






  Mecklenburg-Vorpommern

",Schwerin – Ludwigslust-Parchim I – Nordwestmecklenburg I,12,Wahlkreis 012: Schwerin – Ludwigslust-Parchim I – Nordwestmecklenburg I,MdBMonstadt,Dietrich Monstadt
Mortler,Marlene,CDU/CSU  *,"






  Bayern

",Roth,246,Wahlkreis 246: Roth,,Marlene Mortler
Motschmann,Elisabeth,CDU/CSU,"






  Bremen

",Bremen I,54,Wahlkreis 054: Bremen I,ElisabethMotsc1,Elisabeth Motschmann
Movassat,Niema,Die Linke,"






  Nordrhein-Westfalen

",Oberhausen – Wesel III,117,Wahlkreis 117: Oberhausen – Wesel III,niemamovassat,Niema Movassat
Mrosek,Andreas,AfD,"






  Sachsen-Anhalt

",Dessau – Wittenberg,70,Wahlkreis 070: Dessau – Wittenberg,mrosek1958,Andreas Mrosek
Müller,Alexander,FDP,"






  Hessen

",Rheingau-Taunus – Limburg,178,Wahlkreis 178: Rheingau-Taunus – Limburg,alexmuellerfdp,Alexander Muller
Müller,Axel,CDU/CSU,"






  Baden-Württemberg

",Ravensburg,294,Wahlkreis 294: Ravensburg,,Axel Muller
Müller,Bettina,SPD,"






  Hessen

",Main-Kinzig – Wetterau II – Schotten,175,Wahlkreis 175: Main-Kinzig – Wetterau II – Schotten,BetMueller,Bettina Muller
Müller (Braunschweig),Carsten,CDU/CSU,"






  Niedersachsen

",Braunschweig,50,Wahlkreis 050: Braunschweig,,Carsten Muller
Müller,Claudia,Bündnis 90/Die Grünen,"






  Mecklenburg-Vorpommern

",Vorpommern-Rügen – Vorpommern-Greifswald I,15,Wahlkreis 015: Vorpommern-Rügen – Vorpommern-Greifswald I,GruenClaudia,Claudia Muller
Müller (Chemnitz),Detlef,SPD,"






  Sachsen

",Chemnitz,162,Wahlkreis 162: Chemnitz,muellerchemnitz,Detlef Muller
Müller,Dr. Gerd,CDU/CSU,"






  Bayern

",Oberallgäu,256,Wahlkreis 256: Oberallgäu,,Gerd Muller
Müller,Hansjörg,AfD,"






  Bayern

",Traunstein,225,Wahlkreis 225: Traunstein,MdB_Mueller_AfD,Hansjorg Muller
Müller (Potsdam),Norbert,Die Linke,"






  Brandenburg

",Potsdam – Potsdam-Mittelmark II – Teltow-Fläming II,61,Wahlkreis 061: Potsdam – Potsdam-Mittelmark II – Teltow-Fläming II,norbert_mdb,Norbert Muller
Müller,Sepp,CDU/CSU,"






  Sachsen-Anhalt

",Dessau – Wittenberg,70,Wahlkreis 070: Dessau – Wittenberg,mueller_sepp,Sepp Muller
Müller (Erlangen),Stefan,CDU/CSU,"






  Bayern

",Erlangen,242,Wahlkreis 242: Erlangen,smuellermdb,Stefan Muller
Müller-Böhm,Roman,FDP,"






  Nordrhein-Westfalen

",Oberhausen – Wesel III,117,Wahlkreis 117: Oberhausen – Wesel III,,Roman Muller-Bohm
Müller-Gemmeke,Beate,Bündnis 90/Die Grünen,"






  Baden-Württemberg

",Reutlingen,289,Wahlkreis 289: Reutlingen,GrueneBeate,Beate Muller-Gemmeke
Müller-Rosentritt,Frank,FDP,"






  Sachsen

",Chemnitz,162,Wahlkreis 162: Chemnitz,theliberalfrank,Frank Muller-Rosentritt
Müntefering,Michelle,SPD,"






  Nordrhein-Westfalen

",Herne – Bochum II,141,Wahlkreis 141: Herne – Bochum II,Mi_Muentefering,Michelle Muntefering
Münz,Volker,AfD,"






  Baden-Württemberg

",Göppingen,263,Wahlkreis 263: Göppingen,,Volker Munz
Münzenmaier,Sebastian,AfD,"






  Rheinland-Pfalz

",Mainz,205,Wahlkreis 205: Mainz,s_muenzenmaier,Sebastian Munzenmaier
Mützenich,Dr. Rolf,SPD,"






  Nordrhein-Westfalen

",Köln III,95,Wahlkreis 095: Köln III,,Rolf Mutzenich
Nahles,Andrea,SPD  *,"






  Rheinland-Pfalz

",Ahrweiler,198,Wahlkreis 198: Ahrweiler,,Andrea Nahles
Nastic,Zaklin,Die Linke,"






  Hamburg

",Hamburg-Eimsbüttel,20,Wahlkreis 020: Hamburg-Eimsbüttel,zaklinnastic,Zaklin Nastic
Natterer,Christian,CDU/CSU,Baden-Württemberg,,,n.a.,christ_natterer,Christian Natterer
Nestle,Dr. Ingrid,Bündnis 90/Die Grünen,"






  Schleswig-Holstein

",Steinburg – Dithmarschen Süd,3,Wahlkreis 003: Steinburg – Dithmarschen Süd,,Ingrid Nestle
Neu,Dr. Alexander S.,Die Linke,"






  Nordrhein-Westfalen

",Rhein-Sieg-Kreis I,97,Wahlkreis 097: Rhein-Sieg-Kreis I,alexandersneu,Alexander Neu
Neumann,Christoph,AfD,"






  Sachsen

",Leipzig I,152,Wahlkreis 152: Leipzig I,Neumann_AfD,Christoph Neumann
Neumann,Prof. Dr. Martin,FDP,"






  Brandenburg

",Elbe-Elster – Oberspreewald-Lausitz II,65,Wahlkreis 065: Elbe-Elster – Oberspreewald-Lausitz II,,Martin Neumann
Nick,Dr. Andreas,CDU/CSU,"






  Rheinland-Pfalz

",Montabaur,204,Wahlkreis 204: Montabaur,DrAndreasNick,Andreas Nick
Nicolaisen,Petra,CDU/CSU,"






  Schleswig-Holstein

",Flensburg – Schleswig,1,Wahlkreis 001: Flensburg – Schleswig,,Petra Nicolaisen
Nietan,Dietmar,SPD,"






  Nordrhein-Westfalen

",Düren,90,Wahlkreis 090: Düren,,Dietmar Nietan
Nissen,Ulli,SPD,"






  Hessen

",Frankfurt am Main II,183,Wahlkreis 183: Frankfurt am Main II,UlliNissen,Ulli Nissen
Nölke,Matthias,FDP,"






  Hessen

",Kassel,168,Wahlkreis 168: Kassel,matthiasnoelke,Matthias Nolke
Noll,Michaela,CDU/CSU,"






  Nordrhein-Westfalen

",Mettmann I,104,Wahlkreis 104: Mettmann I,,Michaela Noll
Nolte,Jan Ralf,AfD,"






  Hessen

",Waldeck,167,Wahlkreis 167: Waldeck,Jan_Nolte_AfD,Jan Nolte
Nord,Thomas,Die Linke,"






  Brandenburg

",Frankfurt (Oder) – Oder-Spree,63,Wahlkreis 063: Frankfurt (Oder) – Oder-Spree,NordMdb,Thomas Nord
Notz,Dr. Konstantin von,Bündnis 90/Die Grünen,"






  Schleswig-Holstein

",Herzogtum Lauenburg – Stormarn-Süd,10,Wahlkreis 010: Herzogtum Lauenburg – Stormarn-Süd,KonstantinNotz,Konstantin Notz
Nouripour,Omid,Bündnis 90/Die Grünen,"






  Hessen

",Frankfurt am Main II,183,Wahlkreis 183: Frankfurt am Main II,nouripour,Omid Nouripour
Nüßlein,Dr. Georg,CDU/CSU,"






  Bayern

",Neu-Ulm,255,Wahlkreis 255: Neu-Ulm,,Georg Nusslein
Oehme,Ulrich,AfD,"






  Sachsen

",Chemnitzer Umland – Erzgebirgskreis II,163,Wahlkreis 163: Chemnitzer Umland – Erzgebirgskreis II,Ulrich_Oehme,Ulrich Oehme
Oellers,Wilfried,CDU/CSU,"






  Nordrhein-Westfalen

",Heinsberg,89,Wahlkreis 089: Heinsberg,WilfriedOellers,Wilfried Oellers
Özdemir,Cem,Bündnis 90/Die Grünen,"






  Baden-Württemberg

",Stuttgart I,258,Wahlkreis 258: Stuttgart I,cem_oezdemir,Cem Ozdemir
Özdemir (Duisburg),Mahmut,SPD,"






  Nordrhein-Westfalen

",Duisburg II,116,Wahlkreis 116: Duisburg II,oezdemir_spd,Mahmut Ozdemir
Özoğuz,Aydan,SPD,"






  Hamburg

",Hamburg-Wandsbek,22,Wahlkreis 022: Hamburg-Wandsbek,oezoguz,Aydan Ozoguz
Oppermann,Thomas,SPD  **,"






  Niedersachsen

",Göttingen,53,Wahlkreis 053: Göttingen,,Thomas Oppermann
Ortleb,Josephine,SPD,"






  Saarland

",Saarbrücken,296,Wahlkreis 296: Saarbrücken,joloulou,Josephine Ortleb
Oßner,Florian,CDU/CSU,"






  Bayern

",Landshut,228,Wahlkreis 228: Landshut,Florian_Ossner,Florian Ossner
Ostendorff,Friedrich,Bündnis 90/Die Grünen,"






  Nordrhein-Westfalen

",Coesfeld – Steinfurt II,127,Wahlkreis 127: Coesfeld – Steinfurt II,,Friedrich Ostendorff
Oster,Josef,CDU/CSU,"






  Rheinland-Pfalz

",Koblenz,199,Wahlkreis 199: Koblenz,josefoster,Josef Oster
Otte,Henning,CDU/CSU,"






  Niedersachsen

",Celle – Uelzen,44,Wahlkreis 044: Celle – Uelzen,,Henning Otte
Otten,Gerold,AfD,"






  Bayern

",München-Land,221,Wahlkreis 221: München-Land,ttte94,Gerold Otten
Pahlmann,Ingrid,CDU/CSU,"






  Niedersachsen

",Gifhorn – Peine,45,Wahlkreis 045: Gifhorn – Peine,,Ingrid Pahlmann
Pantel,Sylvia,CDU/CSU,"






  Nordrhein-Westfalen

",Düsseldorf II,107,Wahlkreis 107: Düsseldorf II,SylviaPantel,Sylvia Pantel
Paschke,Markus,SPD,"






  Niedersachsen

",Unterems,25,Wahlkreis 025: Unterems,markuspaschke,Markus Paschke
Pasemann,Frank,fraktionslos,"






  Sachsen-Anhalt

",Magdeburg,69,Wahlkreis 069: Magdeburg,Frank_Pasemann,Frank Pasemann
Patzelt,Martin,CDU/CSU,"






  Brandenburg

",Frankfurt (Oder) – Oder-Spree,63,Wahlkreis 063: Frankfurt (Oder) – Oder-Spree,MPatzeltCDU,Martin Patzelt
Pau,Petra,Die Linke,"






  Berlin

",Berlin-Marzahn-Hellersdorf,85,Wahlkreis 085: Berlin-Marzahn-Hellersdorf,PetraPauMaHe,Petra Pau
Paus,Lisa,Bündnis 90/Die Grünen,"






  Berlin

",Berlin-Charlottenburg-Wilmersdorf,80,Wahlkreis 080: Berlin-Charlottenburg-Wilmersdorf,LisaPaus,Lisa Paus
Pellmann,Sören,Die Linke,"






  Sachsen

",Leipzig II,153,Wahlkreis 153: Leipzig II,linkepelli,Soren Pellmann
Perli,Victor,Die Linke,"






  Niedersachsen

",Salzgitter – Wolfenbüttel,49,Wahlkreis 049: Salzgitter – Wolfenbüttel,victorperli,Victor Perli
Peterka,Tobias Matthias,AfD,"






  Bayern

",Bayreuth,237,Wahlkreis 237: Bayreuth,TobiasMPeterka,Tobias Peterka
Petry,Christian,SPD,"






  Saarland

",St. Wendel,298,Wahlkreis 298: St. Wendel,#!,Christian Petry
Petry,Dr. Frauke,fraktionslos,"






  Sachsen

",Sächsische Schweiz-Osterzgebirge,158,Wahlkreis 158: Sächsische Schweiz-Osterzgebirge,,Frauke Petry
Pfeiffer,Dr. Joachim,CDU/CSU,"






  Baden-Württemberg

",Waiblingen,264,Wahlkreis 264: Waiblingen,,Joachim Pfeiffer
Pflüger,Tobias,Die Linke,"






  Baden-Württemberg

",Freiburg,281,Wahlkreis 281: Freiburg,tpflueger,Tobias Pfluger
Pilger,Detlev,SPD,"






  Rheinland-Pfalz

",Koblenz,199,Wahlkreis 199: Koblenz,,Detlev Pilger
Pilsinger,Stephan,CDU/CSU,"






  Bayern

",München-West/Mitte,220,Wahlkreis 220: München-West/Mitte,stephpilsinger,Stephan Pilsinger
Ploß,Dr. Christoph,CDU/CSU,"






  Hamburg

",Hamburg-Nord,21,Wahlkreis 021: Hamburg-Nord,,Christoph Ploss
Podolay,Paul Viktor,AfD,"






  Bayern

",Erlangen,242,Wahlkreis 242: Erlangen,paul_podolay,Paul Podolay
Pohl,Jürgen,AfD,"






  Thüringen

",Eichsfeld – Nordhausen – Kyffhäuserkreis,189,Wahlkreis 189: Eichsfeld – Nordhausen – Kyffhäuserkreis,Pohl_MdB,Jurgen Pohl
Polat,Filiz,Bündnis 90/Die Grünen,"






  Niedersachsen

",Osnabrück-Land,38,Wahlkreis 038: Osnabrück-Land,filizgreen,Filiz Polat
Pols,Eckhard,CDU/CSU,"






  Niedersachsen

",Lüchow-Dannenberg – Lüneburg,37,Wahlkreis 037: Lüchow-Dannenberg – Lüneburg,,Eckhard Pols
Poschmann,Sabine,SPD,"






  Nordrhein-Westfalen

",Dortmund II,143,Wahlkreis 143: Dortmund II,,Sabine Poschmann
Post (Minden),Achim,SPD,"






  Nordrhein-Westfalen

",Minden-Lübbecke I,134,Wahlkreis 134: Minden-Lübbecke I,achim_p,Achim Post
Post,Florian,SPD,"






  Bayern

",München-Nord,217,Wahlkreis 217: München-Nord,FlorianPost,Florian Post
Pronold,Florian,SPD,"






  Bayern

",Rottal-Inn,230,Wahlkreis 230: Rottal-Inn,florianpronold,Florian Pronold
Protschka,Stephan,AfD,"






  Bayern

",Rottal-Inn,230,Wahlkreis 230: Rottal-Inn,ProtschkaStepha,Stephan Protschka
Raabe,Dr. Sascha,SPD,"






  Hessen

",Hanau,180,Wahlkreis 180: Hanau,,Sascha Raabe
Rabanus,Martin,SPD,"






  Hessen

",Rheingau-Taunus – Limburg,178,Wahlkreis 178: Rheingau-Taunus – Limburg,martinrabanus,Martin Rabanus
Rachel,Thomas,CDU/CSU,"






  Nordrhein-Westfalen

",Düren,90,Wahlkreis 090: Düren,_ThomasRachel,Thomas Rachel
Radomski,Kerstin,CDU/CSU,"






  Nordrhein-Westfalen

",Krefeld II – Wesel II,114,Wahlkreis 114: Krefeld II – Wesel II,,Kerstin Radomski
Radwan,Alexander,CDU/CSU,"






  Bayern

",Bad Tölz-Wolfratshausen – Miesbach,223,Wahlkreis 223: Bad Tölz-Wolfratshausen – Miesbach,AlexanderRadwan,Alexander Radwan
Rainer,Alois,CDU/CSU,"






  Bayern

",Straubing,231,Wahlkreis 231: Straubing,,Alois Rainer
Ramsauer,Dr. Peter,CDU/CSU,"






  Bayern

",Traunstein,225,Wahlkreis 225: Traunstein,,Peter Ramsauer
Rawert,Mechthild,SPD,"






  Berlin

",Berlin-Tempelhof-Schöneberg,81,Wahlkreis 081: Berlin-Tempelhof-Schöneberg,MechthildRawert,Mechthild Rawert
Rehberg,Eckhardt,CDU/CSU,"






  Mecklenburg-Vorpommern

",Mecklenburgische Seenplatte II – Landkreis Rostock III,17,Wahlkreis 017: Mecklenburgische Seenplatte II – Landkreis Rostock III,,Eckhardt Rehberg
Reichardt,Martin,AfD,Sachsen-Anhalt,,,n.a.,M_Reichardt_AfD,Martin Reichardt
Reimann,Dr. Carola,SPD  *,"






  Niedersachsen

",Braunschweig,50,Wahlkreis 050: Braunschweig,,Carola Reimann
Reinhold,Hagen,FDP,"






  Mecklenburg-Vorpommern

",Rostock – Landkreis Rostock II,14,Wahlkreis 014: Rostock – Landkreis Rostock II,,Hagen Reinhold
Remmers,Ingrid,Die Linke,"






  Nordrhein-Westfalen

",Gelsenkirchen,123,Wahlkreis 123: Gelsenkirchen,ingrid_remmers,Ingrid Remmers
Renner,Martin Erwin,AfD,"






  Nordrhein-Westfalen

",Mettmann I,104,Wahlkreis 104: Mettmann I,Renner_AfD,Martin Renner
Renner,Martina,Die Linke,"






  Thüringen

",Erfurt – Weimar – Weimarer Land II,193,Wahlkreis 193: Erfurt – Weimar – Weimarer Land II,martinarenner,Martina Renner
Reusch,Roman Johannes,AfD,Brandenburg,,,n.a.,,Roman Reusch
Reuther,Bernd,FDP,"






  Nordrhein-Westfalen

",Wesel I,113,Wahlkreis 113: Wesel I,,Bernd Reuther
Riebsamen,Lothar,CDU/CSU,"






  Baden-Württemberg

",Bodensee,293,Wahlkreis 293: Bodensee,,Lothar Riebsamen
Rief,Josef,CDU/CSU,"






  Baden-Württemberg

",Biberach,292,Wahlkreis 292: Biberach,,Josef Rief
Riexinger,Bernd,Die Linke,"






  Baden-Württemberg

",Stuttgart II,259,Wahlkreis 259: Stuttgart II,b_riexinger,Bernd Riexinger
Rimkus,Andreas,SPD,"






  Nordrhein-Westfalen

",Düsseldorf II,107,Wahlkreis 107: Düsseldorf II,Andreas_Rimkus,Andreas Rimkus
Rix,Sönke,SPD,"






  Schleswig-Holstein

",Rendsburg-Eckernförde,4,Wahlkreis 004: Rendsburg-Eckernförde,SoenkeRix,Sonke Rix
Röring,Johannes,CDU/CSU,"






  Nordrhein-Westfalen

",Borken II,126,Wahlkreis 126: Borken II,,Johannes Roring
Röspel,René,SPD,"






  Nordrhein-Westfalen

",Hagen – Ennepe-Ruhr-Kreis I,138,Wahlkreis 138: Hagen – Ennepe-Ruhr-Kreis I,,Rene Rospel
Rößner,Tabea,Bündnis 90/Die Grünen,"






  Rheinland-Pfalz

",Mainz,205,Wahlkreis 205: Mainz,TabeaRoessner,Tabea Rossner
Röttgen,Dr. Norbert,CDU/CSU,"






  Nordrhein-Westfalen

",Rhein-Sieg-Kreis II,98,Wahlkreis 098: Rhein-Sieg-Kreis II,n_roettgen,Norbert Rottgen
Rohde,Dennis,SPD,"






  Niedersachsen

",Oldenburg – Ammerland,27,Wahlkreis 027: Oldenburg – Ammerland,DennisRohde,Dennis Rohde
Rosemann,Dr. Martin,SPD,"






  Baden-Württemberg

",Tübingen,290,Wahlkreis 290: Tübingen,MartinRosemann,Martin Rosemann
Rossmann,Dr. Ernst Dieter,SPD,"






  Schleswig-Holstein

",Pinneberg,7,Wahlkreis 007: Pinneberg,edrossmann,Ernst Rossmann
Roth (Augsburg),Claudia,Bündnis 90/Die Grünen,"






  Bayern

",Augsburg-Stadt,252,Wahlkreis 252: Augsburg-Stadt,,Claudia Roth
Roth (Heringen),Michael,SPD,"






  Hessen

",Werra-Meißner – Hersfeld-Rotenburg,169,Wahlkreis 169: Werra-Meißner – Hersfeld-Rotenburg,MiRo_SPD,Michael Roth
Rottmann,Dr. Manuela,Bündnis 90/Die Grünen,"






  Bayern

",Bad Kissingen,248,Wahlkreis 248: Bad Kissingen,ManuelaRottmann,Manuela Rottmann
Rouenhoff,Stefan,CDU/CSU,"






  Nordrhein-Westfalen

",Kleve,112,Wahlkreis 112: Kleve,StefanRouenhoff,Stefan Rouenhoff
Rüddel,Erwin,CDU/CSU,,,,,erwin_rueddel,Erwin Ruddel
Rüffer,Corinna,Bündnis 90/Die Grünen,"






  Rheinland-Pfalz

",Trier,203,Wahlkreis 203: Trier,crueffer,Corinna Ruffer
Rüthrich,Susann,SPD,"






  Sachsen

",Meißen,155,Wahlkreis 155: Meißen,,Susann Ruthrich
Rützel,Bernd,SPD,"






  Bayern

",Main-Spessart,249,Wahlkreis 249: Main-Spessart,ruetzelbernd,Bernd Rutzel
Ruppert,Dr. Stefan,FDP  *,"






  Hessen

",Hochtaunus,176,Wahlkreis 176: Hochtaunus,,Stefan Ruppert
Rupprecht,Albert,CDU/CSU,"






  Bayern

",Weiden,235,Wahlkreis 235: Weiden,,Albert Rupprecht
Ryglewski,Sarah,SPD,"






  Bremen

",Bremen I,54,Wahlkreis 054: Bremen I,RyglewskiS,Sarah Ryglewski
Saathoff,Johann,SPD,"






  Niedersachsen

",Aurich – Emden,24,Wahlkreis 024: Aurich – Emden,johann_saathoff,Johann Saathoff
Sarrazin,Manuel,Bündnis 90/Die Grünen,"






  Hamburg

",Hamburg-Bergedorf – Harburg,23,Wahlkreis 023: Hamburg-Bergedorf – Harburg,ManuelSarrazin,Manuel Sarrazin
Sattelberger,Dr. h. c. Thomas,FDP,"






  Bayern

",München-Süd,219,Wahlkreis 219: München-Süd,th_sattelberger,Thomas Sattelberger
Sauer,Stefan,CDU/CSU,"






  Hessen

",Groß-Gerau,184,Wahlkreis 184: Groß-Gerau,,Stefan Sauer
Sauter,Christian,FDP,"






  Nordrhein-Westfalen

",Lippe I,135,Wahlkreis 135: Lippe I,,Christian Sauter
Schäfer (Saalstadt),Anita,CDU/CSU,"






  Rheinland-Pfalz

",Pirmasens,210,Wahlkreis 210: Pirmasens,SchaeferCDU,Anita Schafer
Schäfer (Bochum),Axel,SPD,"






  Nordrhein-Westfalen

",Bochum I,140,Wahlkreis 140: Bochum I,,Axel Schafer
Schäffler,Frank,FDP,"






  Nordrhein-Westfalen

",Minden-Lübbecke I,134,Wahlkreis 134: Minden-Lübbecke I,f_schaeffler,Frank Schaffler
Schäuble,Dr. Wolfgang,CDU/CSU,"






  Baden-Württemberg

",Offenburg,284,Wahlkreis 284: Offenburg,,Wolfgang Schauble
Schauws,Ulle,Bündnis 90/Die Grünen,"






  Nordrhein-Westfalen

",Krefeld II – Wesel II,114,Wahlkreis 114: Krefeld II – Wesel II,ulle_schauws,Ulle Schauws
Scheer,Dr. Nina,SPD,"






  Schleswig-Holstein

",Herzogtum Lauenburg – Stormarn-Süd,10,Wahlkreis 010: Herzogtum Lauenburg – Stormarn-Süd,ninascheer_SPD,Nina Scheer
Scheuer,Andreas,CDU/CSU,"






  Bayern

",Passau,229,Wahlkreis 229: Passau,AndiScheuer,Andreas Scheuer
Schick,Dr. Gerhard,Bündnis 90/Die Grünen  *,"






  Baden-Württemberg

",Mannheim,275,Wahlkreis 275: Mannheim,,Gerhard Schick
Schieder,Marianne,SPD,"






  Bayern

",Schwandorf,234,Wahlkreis 234: Schwandorf,m_schieder,Marianne Schieder
Schiefner,Udo,SPD,"






  Nordrhein-Westfalen

",Viersen,111,Wahlkreis 111: Viersen,UdoSchiefner,Udo Schiefner
Schielke-Ziesing,Ulrike,AfD,"






  Mecklenburg-Vorpommern

",Mecklenburgische Seenplatte II – Landkreis Rostock III,17,Wahlkreis 017: Mecklenburgische Seenplatte II – Landkreis Rostock III,ulschzi,Ulrike Schielke-Ziesing
Schimke,Jana,CDU/CSU,"






  Brandenburg

",Dahme-Spreewald – Teltow-Fläming III – Oberspreewald-Lausitz I,62,Wahlkreis 062: Dahme-Spreewald – Teltow-Fläming III – Oberspreewald-Lausitz I,JanaSchimke,Jana Schimke
Schinnenburg,Dr. Wieland,FDP,"






  Hamburg

",Hamburg-Wandsbek,22,Wahlkreis 022: Hamburg-Wandsbek,wschinnenburg,Wieland Schinnenburg
Schipanski,Tankred,CDU/CSU,"






  Thüringen

",Gotha – Ilm-Kreis,192,Wahlkreis 192: Gotha – Ilm-Kreis,tschipanski,Tankred Schipanski
Schlund,Dr. Robby,AfD,"






  Thüringen

",Gera – Greiz – Altenburger Land,194,Wahlkreis 194: Gera – Greiz – Altenburger Land,drrobbyschlund,Robby Schlund
Schmid,Dr. Nils,SPD,"






  Baden-Württemberg

",Nürtingen,262,Wahlkreis 262: Nürtingen,nilsschmid,Nils Schmid
Schmidt (Fürth),Christian,CDU/CSU,"






  Bayern

",Fürth,243,Wahlkreis 243: Fürth,,Christian Schmidt
Schmidt (Wetzlar),Dagmar,SPD,"






  Hessen

",Lahn-Dill,172,Wahlkreis 172: Lahn-Dill,dieschmidt,Dagmar Schmidt
Schmidt,Dr. Frithjof,Bündnis 90/Die Grünen,"






  Nordrhein-Westfalen

",Bochum I,140,Wahlkreis 140: Bochum I,,Frithjof Schmidt
Schmidt,Stefan,Bündnis 90/Die Grünen,"






  Bayern

",Regensburg,233,Wahlkreis 233: Regensburg,Schmidt_MdB,Stefan Schmidt
Schmidt (Aachen),Ulla,SPD,"






  Nordrhein-Westfalen

",Aachen I,87,Wahlkreis 087: Aachen I,,Ulla Schmidt
Schmidt,Uwe,SPD,"






  Bremen

",Bremen II – Bremerhaven,55,Wahlkreis 055: Bremen II – Bremerhaven,,Uwe Schmidt
Schmidtke,Prof. Dr. Claudia,CDU/CSU,"






  Schleswig-Holstein

",Lübeck,11,Wahlkreis 011: Lübeck,,Claudia Schmidtke
Schneider (Erfurt),Carsten,SPD,"






  Thüringen

",Erfurt – Weimar – Weimarer Land II,193,Wahlkreis 193: Erfurt – Weimar – Weimarer Land II,schneidercar,Carsten Schneider
Schneider,Jörg,AfD,"






  Nordrhein-Westfalen

",Gelsenkirchen,123,Wahlkreis 123: Gelsenkirchen,Schneider_AfD,Jorg Schneider
Schneidewind-Hartnagel,Charlotte,Bündnis 90/Die Grünen,"






  Baden-Württemberg

",Odenwald – Tauber,276,Wahlkreis 276: Odenwald – Tauber,,Charlotte Schneidewind-Hartnagel
Schnieder,Patrick,CDU/CSU,"






  Rheinland-Pfalz

",Bitburg,202,Wahlkreis 202: Bitburg,PSchnieder,Patrick Schnieder
Schön,Nadine,CDU/CSU,"






  Saarland

",St. Wendel,298,Wahlkreis 298: St. Wendel,NadineSchoen,Nadine Schon
Schraps,Johannes,SPD,"






  Niedersachsen

",Hameln-Pyrmont – Holzminden,46,Wahlkreis 046: Hameln-Pyrmont – Holzminden,jschraps,Johannes Schraps
Schreiber,Eva-Maria,Die Linke,"






  Bayern

",München-Land,221,Wahlkreis 221: München-Land,mdb_schreiber,Eva-Maria Schreiber
Schreiner,Felix,CDU/CSU,"






  Baden-Württemberg

",Waldshut,288,Wahlkreis 288: Waldshut,felixschreiner,Felix Schreiner
Schrodi,Michael,SPD,"






  Bayern

",Fürstenfeldbruck,215,Wahlkreis 215: Fürstenfeldbruck,mischrodi,Michael Schrodi
Schüle,Dr. Manja,SPD  *,"






  Brandenburg

",Potsdam – Potsdam-Mittelmark II – Teltow-Fläming II,61,Wahlkreis 061: Potsdam – Potsdam-Mittelmark II – Teltow-Fläming II,,Manja Schule
Schulte,Ursula,SPD,"






  Nordrhein-Westfalen

",Borken II,126,Wahlkreis 126: Borken II,,Ursula Schulte
Schulz,Jimmy,FDP  **,"






  Bayern

",München-Land,221,Wahlkreis 221: München-Land,,Jimmy Schulz
Schulz,Martin,SPD,Nordrhein-Westfalen,,,n.a.,MartinSchulz,Martin Schulz
Schulz (Spandau),Swen,SPD,"






  Berlin

",Berlin-Spandau – Charlottenburg Nord,78,Wahlkreis 078: Berlin-Spandau – Charlottenburg Nord,swenschulz,Swen Schulz
Schulz,Uwe,AfD,"






  Hessen

",Gießen,173,Wahlkreis 173: Gießen,Uwe_Schulz_AfD,Uwe Schulz
Schulz-Asche,Kordula,Bündnis 90/Die Grünen,"






  Hessen

",Main-Taunus,181,Wahlkreis 181: Main-Taunus,K_SA,Kordula Schulz-Asche
Schulze,Dr. Klaus-Peter,CDU/CSU,"






  Brandenburg

",Cottbus – Spree-Neiße,64,Wahlkreis 064: Cottbus – Spree-Neiße,,Klaus-Peter Schulze
Schummer,Uwe,CDU/CSU,"






  Nordrhein-Westfalen

",Viersen,111,Wahlkreis 111: Viersen,UweSchummer,Uwe Schummer
Schurer,Ewald,SPD  **,"






  Bayern

",Erding – Ebersberg,213,Wahlkreis 213: Erding – Ebersberg,,Ewald Schurer
Schuster (Weil am Rhein),Armin,CDU/CSU  *,"






  Baden-Württemberg

",Lörrach – Müllheim,282,Wahlkreis 282: Lörrach – Müllheim,,Armin Schuster
Schwabe,Frank,SPD,"






  Nordrhein-Westfalen

",Recklinghausen I,121,Wahlkreis 121: Recklinghausen I,FrankSchwabe,Frank Schwabe
Schwartze,Stefan,SPD,"






  Nordrhein-Westfalen

",Herford – Minden-Lübbecke II,133,Wahlkreis 133: Herford – Minden-Lübbecke II,s_schwartze,Stefan Schwartze
Schwarz,Andreas,SPD,"






  Bayern

",Bamberg,236,Wahlkreis 236: Bamberg,Schwarz_MdB,Andreas Schwarz
Schwarzelühr-Sutter,Rita,SPD,"






  Baden-Württemberg

",Waldshut,288,Wahlkreis 288: Waldshut,rischwasu,Rita Schwarzeluhr-Sutter
Schweiger,Torsten,CDU/CSU,"






  Sachsen-Anhalt

",Mansfeld,74,Wahlkreis 074: Mansfeld,cdu_schweiger,Torsten Schweiger
Seestern-Pauly,Matthias,FDP,"






  Niedersachsen

",Osnabrück-Land,38,Wahlkreis 038: Osnabrück-Land,mseesternpauly,Matthias Seestern-Pauly
Seif,Detlef,CDU/CSU,"






  Nordrhein-Westfalen

",Euskirchen – Rhein-Erft-Kreis II,92,Wahlkreis 092: Euskirchen – Rhein-Erft-Kreis II,,Detlef Seif
Seitz,Thomas,AfD,"






  Baden-Württemberg

",Emmendingen – Lahr,283,Wahlkreis 283: Emmendingen – Lahr,Th_Seitz_AfD,Thomas Seitz
Selle,Johannes,CDU/CSU,"






  Thüringen

",Jena – Sömmerda – Weimarer Land I,191,Wahlkreis 191: Jena – Sömmerda – Weimarer Land I,,Johannes Selle
Sendker,Reinhold,CDU/CSU,"






  Nordrhein-Westfalen

",Warendorf,130,Wahlkreis 130: Warendorf,,Reinhold Sendker
Sensburg,Prof. Dr. Patrick,CDU/CSU,"






  Nordrhein-Westfalen

",Hochsauerlandkreis,147,Wahlkreis 147: Hochsauerlandkreis,PatrickSensburg,Patrick Sensburg
Sichert,Martin,AfD,"






  Bayern

",Nürnberg-Nord,244,Wahlkreis 244: Nürnberg-Nord,AfDNbg,Martin Sichert
Siebert,Bernd,CDU/CSU,"






  Hessen

",Schwalm-Eder,170,Wahlkreis 170: Schwalm-Eder,berndsiebert,Bernd Siebert
Silberhorn,Thomas,CDU/CSU,"






  Bayern

",Bamberg,236,Wahlkreis 236: Bamberg,SilberhornMdB,Thomas Silberhorn
Simon,Björn,CDU/CSU,"






  Hessen

",Offenbach,185,Wahlkreis 185: Offenbach,,Bjorn Simon
Sitta,Frank,FDP,"






  Sachsen-Anhalt

",Halle,72,Wahlkreis 072: Halle,franksitta,Frank Sitta
Sitte,Dr. Petra,Die Linke,"






  Sachsen-Anhalt

",Halle,72,Wahlkreis 072: Halle,Petra_Sitte_MdB,Petra Sitte
Skudelny,Judith,FDP,"






  Baden-Württemberg

",Stuttgart I,258,Wahlkreis 258: Stuttgart I,,Judith Skudelny
Solms,Dr. Hermann Otto,FDP,"






  Hessen

",Gießen,173,Wahlkreis 173: Gießen,,Hermann Solms
Sommer,Helin Evrim,Die Linke,Berlin,,,n.a.,hesommer,Helin Sommer
Sorge,Tino,CDU/CSU,"






  Sachsen-Anhalt

",Magdeburg,69,Wahlkreis 069: Magdeburg,TinoSorge,Tino Sorge
Spahn,Jens,CDU/CSU,"






  Nordrhein-Westfalen

",Steinfurt I – Borken I,124,Wahlkreis 124: Steinfurt I – Borken I,jensspahn,Jens Spahn
Spangenberg,Detlev,AfD,"






  Sachsen

",Nordsachsen,151,Wahlkreis 151: Nordsachsen,,Detlev Spangenberg
Spaniel,Dr. Dirk,AfD,"






  Baden-Württemberg

",Stuttgart I,258,Wahlkreis 258: Stuttgart I,DirkSpaniel,Dirk Spaniel
Spiering,Rainer,SPD,"






  Niedersachsen

",Osnabrück-Land,38,Wahlkreis 038: Osnabrück-Land,,Rainer Spiering
Springer,René,AfD,"






  Brandenburg

",Potsdam – Potsdam-Mittelmark II – Teltow-Fläming II,61,Wahlkreis 061: Potsdam – Potsdam-Mittelmark II – Teltow-Fläming II,SpringerRen,Rene Springer
Stadler,Svenja,SPD,"






  Niedersachsen

",Harburg,36,Wahlkreis 036: Harburg,stadler_svenja,Svenja Stadler
Staffler,Katrin,CDU/CSU,"






  Bayern

",Fürstenfeldbruck,215,Wahlkreis 215: Fürstenfeldbruck,katrin_staffler,Katrin Staffler
Stamm-Fibich,Martina,SPD,"






  Bayern

",Erlangen,242,Wahlkreis 242: Erlangen,stamm_fibich,Martina Stamm-Fibich
Stark-Watzinger,Bettina,FDP,"






  Hessen

",Main-Taunus,181,Wahlkreis 181: Main-Taunus,starkwatzinger,Bettina Stark-Watzinger
Steffel,Frank,CDU/CSU,"






  Berlin

",Berlin-Reinickendorf,77,Wahlkreis 077: Berlin-Reinickendorf,franksteffel,Frank Steffel
Steffen,Sonja Amalie,SPD,"






  Mecklenburg-Vorpommern

",Vorpommern-Rügen – Vorpommern-Greifswald I,15,Wahlkreis 015: Vorpommern-Rügen – Vorpommern-Greifswald I,SteffenSonja,Sonja Steffen
Stefinger,Dr. Wolfgang,CDU/CSU,"






  Bayern

",München-Ost,218,Wahlkreis 218: München-Ost,StefingerMdB,Wolfgang Stefinger
Stegemann,Albert,CDU/CSU,"






  Niedersachsen

",Mittelems,31,Wahlkreis 031: Mittelems,StegemannAlbert,Albert Stegemann
Steier,Andreas,CDU/CSU,"






  Rheinland-Pfalz

",Trier,203,Wahlkreis 203: Trier,andreassteier,Andreas Steier
Stein,Mathias,SPD,"






  Schleswig-Holstein

",Kiel,5,Wahlkreis 005: Kiel,stonie_kiel,Mathias Stein
Stein (Rostock),Peter,CDU/CSU,"






  Mecklenburg-Vorpommern

",Rostock – Landkreis Rostock II,14,Wahlkreis 014: Rostock – Landkreis Rostock II,Peter_Stein_CDU,Peter Stein
Steineke,Sebastian,CDU/CSU,"






  Brandenburg

",Prignitz – Ostprignitz-Ruppin – Havelland I,56,Wahlkreis 056: Prignitz – Ostprignitz-Ruppin – Havelland I,SteinekeCDU,Sebastian Steineke
Steiniger,Johannes,CDU/CSU,"






  Rheinland-Pfalz

",Neustadt – Speyer,208,Wahlkreis 208: Neustadt – Speyer,josteiniger,Johannes Steiniger
Steinke,Kersten,Die Linke,"






  Thüringen

",Eichsfeld – Nordhausen – Kyffhäuserkreis,189,Wahlkreis 189: Eichsfeld – Nordhausen – Kyffhäuserkreis,,Kersten Steinke
Stetten,Christian Freiherr von,CDU/CSU,"






  Baden-Württemberg

",Schwäbisch Hall – Hohenlohe,268,Wahlkreis 268: Schwäbisch Hall – Hohenlohe,,Christian Stetten
Stier,Dieter,CDU/CSU,"






  Sachsen-Anhalt

",Burgenland – Saalekreis,73,Wahlkreis 073: Burgenland – Saalekreis,,Dieter Stier
Storch,Beatrix von,AfD,"






  Berlin

",Berlin-Mitte,75,Wahlkreis 075: Berlin-Mitte,Beatrix_vStorch,Beatrix Storch
Storjohann,Gero,CDU/CSU,"






  Schleswig-Holstein

",Segeberg – Stormarn-Mitte,8,Wahlkreis 008: Segeberg – Stormarn-Mitte,gero_storjohann,Gero Storjohann
Strack-Zimmermann,Dr. Marie-Agnes,FDP,"






  Nordrhein-Westfalen

",Düsseldorf I,106,Wahlkreis 106: Düsseldorf I,MAStrackZi,Marie-Agnes Strack-Zimmermann
Stracke,Stephan,CDU/CSU,"






  Bayern

",Ostallgäu,257,Wahlkreis 257: Ostallgäu,,Stephan Stracke
Straetmanns,Friedrich,Die Linke,"






  Nordrhein-Westfalen

",Bielefeld – Gütersloh II,132,Wahlkreis 132: Bielefeld – Gütersloh II,FrStraetmanns,Friedrich Straetmanns
Strasser,Benjamin,FDP,"






  Baden-Württemberg

",Ravensburg,294,Wahlkreis 294: Ravensburg,bstrasser,Benjamin Strasser
Straubinger,Max,CDU/CSU,"






  Bayern

",Rottal-Inn,230,Wahlkreis 230: Rottal-Inn,,Max Straubinger
Strengmann-Kuhn,Dr. Wolfgang,Bündnis 90/Die Grünen,"






  Hessen

",Offenbach,185,Wahlkreis 185: Offenbach,W_SK,Wolfgang Strengmann-Kuhn
Strenz,Karin,CDU/CSU,"






  Mecklenburg-Vorpommern

",Ludwigslust-Parchim II – Nordwestmecklenburg II – Landkreis Rostock I,13,Wahlkreis 013: Ludwigslust-Parchim II – Nordwestmecklenburg II – Landkreis Rostock I,,Karin Strenz
Stübgen,Michael,CDU/CSU  *,"






  Brandenburg

",Elbe-Elster – Oberspreewald-Lausitz II,65,Wahlkreis 065: Elbe-Elster – Oberspreewald-Lausitz II,,Michael Stubgen
Stumpp,Margit,Bündnis 90/Die Grünen,"






  Baden-Württemberg

",Aalen – Heidenheim,270,Wahlkreis 270: Aalen – Heidenheim,margit_stumpp,Margit Stumpp
Suding,Katja,FDP,"






  Hamburg

",Hamburg-Altona,19,Wahlkreis 019: Hamburg-Altona,KatjaSuding,Katja Suding
Tack,Kerstin,SPD,"






  Niedersachsen

",Stadt Hannover I,41,Wahlkreis 041: Stadt Hannover I,,Kerstin Tack
Tackmann,Dr. Kirsten,Die Linke,"






  Brandenburg

",Prignitz – Ostprignitz-Ruppin – Havelland I,56,Wahlkreis 056: Prignitz – Ostprignitz-Ruppin – Havelland I,KirstenTackmann,Kirsten Tackmann
Tatti,Jessica,Die Linke,"






  Baden-Württemberg

",Reutlingen,289,Wahlkreis 289: Reutlingen,,Jessica Tatti
Tauber,Dr. Peter,CDU/CSU,"






  Hessen

",Main-Kinzig – Wetterau II – Schotten,175,Wahlkreis 175: Main-Kinzig – Wetterau II – Schotten,petertauber,Peter Tauber
Tausend,Claudia,SPD,"






  Bayern

",München-Ost,218,Wahlkreis 218: München-Ost,,Claudia Tausend
Tebroke,Dr. Hermann-Josef,CDU/CSU,"






  Nordrhein-Westfalen

",Rheinisch-Bergischer Kreis,100,Wahlkreis 100: Rheinisch-Bergischer Kreis,,Hermann-Josef Tebroke
Teuteberg,Linda,FDP,"






  Brandenburg

",Potsdam – Potsdam-Mittelmark II – Teltow-Fläming II,61,Wahlkreis 061: Potsdam – Potsdam-Mittelmark II – Teltow-Fläming II,LindaTeuteberg,Linda Teuteberg
Theurer,Michael,FDP,,,,,,Michael Theurer
Thews,Michael,SPD,"






  Nordrhein-Westfalen

",Hamm – Unna II,145,Wahlkreis 145: Hamm – Unna II,michael_thews,Michael Thews
Thies,Hans-Jürgen,CDU/CSU,,,,,,Hans-Jurgen Thies
Thomae,Stephan,FDP,,,,,,Stephan Thomae
Throm,Alexander,CDU/CSU,,,,,alexander_throm,Alexander Throm
Tiemann,Dr. Dietlind,CDU/CSU,,,,,dr_tiemann,Dietlind Tiemann
Tillmann,Antje,CDU/CSU,,,,,AntjeTillmann,Antje Tillmann
Todtenhausen,Manfred,FDP,,,,,,Manfred Todtenhausen
Töns,Markus,SPD,,,,,toens_NRW04,Markus Tons
Toncar,Dr. Florian,FDP,,,,,,Florian Toncar
Träger,Carsten,SPD,,,,,carstentraeger,Carsten Trager
Tressel,Markus,Bündnis 90/Die Grünen,,,,,MarkusTressel,Markus Tressel
Trittin,Jürgen,Bündnis 90/Die Grünen,,,,,#!,Jurgen Trittin
Uhl,Markus,CDU/CSU,,,,,MdBMarkusUhl,Markus Uhl
Ullmann,Prof. Dr. Andrew,FDP,,,,,,Andrew Ullmann
Ullrich,Gerald,FDP,,,,,,Gerald Ullrich
Ullrich,Dr. Volker,CDU/CSU,,,,,VolkerUllrich,Volker Ullrich
Ulrich,Alexander,Die Linke,,,,,,Alexander Ulrich
Vaatz,Arnold,CDU/CSU,,,,,,Arnold Vaatz
Veith,Oswin,CDU/CSU  *,,,,,,Oswin Veith
Verlinden,Dr. Julia,Bündnis 90/Die Grünen,,,,,julia_verlinden,Julia Verlinden
Vieregge,Kerstin,CDU/CSU,,,,,,Kerstin Vieregge
Völlers,Marja-Liisa,SPD,,,,,MarjaVoellers,Marja-Liisa Vollers
Vöpel,Dirk,SPD,,,,,,Dirk Vopel
Vogel (Olpe),Johannes,FDP,,,,,,Johannes Vogel
Vogel (Kleinsaara),Volkmar,CDU/CSU,,,,,,Volkmar Vogel
Vogler,Kathrin,Die Linke,,,,,voglerk,Kathrin Vogler
Vogt,Ute,SPD,,,,,utevogt,Ute Vogt
Vries,Christoph de,CDU/CSU,,,,,,Christoph Vries
Vries,Kees de,CDU/CSU,,,,,,Kees Vries
Wadephul,Dr. Johann David,CDU/CSU,,,,,JoWadephul,Johann Wadephul
Wagenknecht,Dr. Sahra,Die Linke,,,,,SWagenknecht,Sahra Wagenknecht
Wagner,Andreas,Die Linke,,,,,andi_wagner,Andreas Wagner
Wagner,Daniela,Bündnis 90/Die Grünen,,,,,danywagner_da,Daniela Wagner
Walter-Rosenheimer,Beate,Bündnis 90/Die Grünen,,,,,beatewaro,Beate Walter-Rosenheimer
Wanderwitz,Marco,CDU/CSU,,,,,wanderwitz,Marco Wanderwitz
Warken,Nina,CDU/CSU,,,,,ninawarken,Nina Warken
Weber,Gabi,SPD,,,,,GabiWeberSPD,Gabi Weber
Weeser,Sandra,FDP,,,,,,Sandra Weeser
Wegner,Kai,CDU/CSU,,,,,kaiwegner,Kai Wegner
Weidel,Dr. Alice,AfD,,,,,alice_weidel,Alice Weidel
Weiler,Albert H.,CDU/CSU,,,,,,Albert Weiler
Weinberg,Harald,Die Linke,,,,,haraldweinberg,Harald Weinberg
Weinberg (Hamburg),Marcus,CDU/CSU,,,,,marcusweinberg,Marcus Weinberg
Weingarten,Dr. Joe,SPD,,,,,drjoeweingarten,Joe Weingarten
Weisgerber,Dr. Anja,CDU/CSU,,,,,anjaweisgerber,Anja Weisgerber
Weiß (Emmendingen),Peter,CDU/CSU,,,,,PeterWeissMdB,Peter Weiss
Weiss (Wesel I),Sabine,CDU/CSU,,,,,,Sabine Weiss
Wellenreuther,Ingo,CDU/CSU,,,,,Wellenreuther,Ingo Wellenreuther
Wendt,Marian,CDU/CSU,"






  Sachsen

",Nordsachsen,151,Wahlkreis 151: Nordsachsen,MdbWendt,Marian Wendt
Werner,Katrin,Die Linke,,,,,katrin_werner,Katrin Werner
Westig,Nicole,FDP,,,,,,Nicole Westig
Westphal,Bernd,SPD,,,,,BerndWestphal4,Bernd Westphal
Wetzel,Wolfgang,Bündnis 90/Die Grünen,,,,,,Wolfgang Wetzel
Weyel,Prof. Dr. Harald,AfD,,,,,h_weyel,Harald Weyel
Whittaker,Kai,CDU/CSU,,,,,Kai_Whittaker,Kai Whittaker
Widmann-Mauz,Annette,CDU/CSU,,,,,AWidmannMauz,Annette Widmann-Mauz
Wiehle,Wolfgang,AfD,,,,,WolfgangWiehle,Wolfgang Wiehle
Wiese,Dirk,SPD,,,,,DirkWieseSPD,Dirk Wiese
Wiesmann,Bettina Margarethe,CDU/CSU,,,,,,Bettina Wiesmann
Wildberg,Dr. Heiko,AfD,,,,,Heiko_Wildberg,Heiko Wildberg
Willkomm,Katharina,FDP,,,,,,Katharina Willkomm
Willsch,Klaus-Peter,CDU/CSU,,,,,,Klaus-Peter Willsch
Winkelmeier-Becker,Elisabeth,CDU/CSU,,,,,,Elisabeth Winkelmeier-Becker
Wirth,Dr. Christian,AfD,,,,,ChrWirthMdB,Christian Wirth
Witt,Uwe,AfD,,,,,Witt_Uwe,Uwe Witt
Wittke,Oliver,CDU/CSU,,,,,,Oliver Wittke
Yüksel,Gülistan,SPD,,,,,,Gulistan Yuksel
Zdebel,Hubertus,Die Linke,,,,,,Hubertus Zdebel
Zech,Tobias,CDU/CSU,,,,,,Tobias Zech
Zeulner,Emmi,CDU/CSU,,,,,,Emmi Zeulner
Zickenheiner,Gerhard,Bündnis 90/Die Grünen,,,,,,Gerhard Zickenheiner
Ziegler,Dagmar,SPD,,,,,,Dagmar Ziegler
Ziemiak,Paul,CDU/CSU,,,,,PaulZiemiak,Paul Ziemiak
Zierke,Stefan,SPD,,,,,zierke,Stefan Zierke
Zimmer,Prof. Dr. Matthias,CDU/CSU,,,,,matthiaszimmer,Matthias Zimmer
Zimmermann,Dr. Jens,SPD,,,,,JensZimmermann1,Jens Zimmermann
Zimmermann,Pia,Die Linke,,,,,,Pia Zimmermann
Zimmermann (Zwickau),Sabine,Die Linke,,,,,,Sabine Zimmermann
